4.0,13.64,9.73,13.2,8.8,11.73,9.923,1.182,1.0,0.077,0.0,0.0,0.077,0.0,0.0,0.154,1.182,2.273,2.273,0.182,0.0,0.0,0.091,0.909,4.64,129,1,0,0,11,13,13,0,2,25,25,2,0,0,1,10,2,5,52,
4.58,18.89,14.32,19.36,14.64,17.33,12.235,1.417,1.0,0.118,0.059,0.235,0.118,0.059,0.235,0.0,1.417,2.833,3.667,0.25,0.417,0.083,0.0,1.5,3.83,208,2,1,4,12,17,17,0,0,34,44,3,5,1,0,18,3,7,87,
4.68,20.84,16.16,19.81,15.1,17.41,10.639,1.636,1.029,0.086,0.114,0.257,0.083,0.111,0.25,0.139,1.591,1.273,2.409,0.409,0.682,0.0,0.045,1.5,5.32,383,3,4,9,22,36,35,1,5,28,53,9,15,0,1,33,2,12,105,
4.4,24.36,18.55,25.07,18.71,20.27,11.259,1.8,1.0,0.185,0.111,0.222,0.185,0.111,0.222,0.222,1.8,1.333,2.867,0.2,1.133,0.0,0.6,2.267,6.4,304,5,3,6,15,27,27,0,6,20,43,3,17,0,9,34,3,6,83,
5.5,40.67,34.67,35.2,29.0,30.5,12.2,2.5,1.0,0.133,0.2,0.267,0.133,0.2,0.267,0.2,2.5,5.0,6.0,0.167,0.833,0.0,0.0,2.5,10.17,183,2,3,4,6,15,15,0,3,30,36,1,5,0,0,15,2,12,72,
4.08,20.64,16.64,18.82,14.45,17.92,11.316,1.583,1.0,0.053,0.211,0.053,0.053,0.211,0.053,0.158,1.583,2.5,3.083,0.333,0.083,0.0,0.0,1.25,7.08,215,1,4,1,12,19,19,0,3,30,37,4,1,0,0,15,2,6,72,
4.93,26.74,20.72,28.14,22.57,20.47,14.619,1.4,1.0,0.238,0.048,0.238,0.238,0.048,0.238,0.238,1.4,3.0,3.333,0.133,0.467,0.0,0.0,1.867,4,307,5,1,5,15,21,21,0,5,45,50,2,7,0,0,28,2,9,104,
4.09,19.67,14.84,19.95,14.91,15.35,8.023,1.913,1.0,0.068,0.114,0.136,0.068,0.114,0.136,0.227,1.913,1.304,1.739,0.348,0.478,0.0,0.087,1.696,7,353,3,5,6,23,44,44,0,10,30,40,8,11,0,2,39,2,7,89,
4.88,21.32,16.71,20.14,15.29,19.5,14.182,1.375,1.0,0.0,0.273,0.182,0.0,0.273,0.182,0.182,1.375,3.25,3.625,0.5,0.125,0.0,0.0,1.125,7.5,156,0,3,2,8,11,11,0,2,26,29,4,1,0,0,9,3,7,60,
3.88,20.84,16.6,20.94,16.69,16.06,11.375,1.412,1.043,0.304,0.087,0.261,0.292,0.083,0.25,0.042,1.353,1.824,2.118,0.118,0.353,0.059,0.059,1.588,5.76,273,7,2,6,17,24,23,1,1,31,36,2,6,1,1,27,2,6,76,
5.44,20.42,14.67,20.5,14.75,18.44,11.857,1.556,1.0,0.286,0.071,0.071,0.286,0.071,0.071,0.143,1.556,2.556,3.444,0.556,0.0,0.333,0.0,2.0,5.11,166,4,1,1,9,14,14,0,2,23,31,5,0,3,0,18,4,8,62,
4.56,25.72,20.58,26.12,20.38,21.56,11.412,1.889,1.0,0.176,0.059,0.059,0.176,0.059,0.059,0.059,1.889,4.778,3.444,0.111,0.778,0.0,0.0,1.444,6.33,194,3,1,1,9,17,17,0,1,43,31,1,7,0,0,13,2,8,82,
4.44,19.82,15.7,19.13,15.33,16.31,8.419,1.938,1.033,0.1,0.233,0.133,0.097,0.226,0.129,0.226,1.875,1.25,1.75,0.062,1.062,0.0,0.125,2.062,4.5,261,3,7,4,16,31,30,1,7,20,28,1,17,0,2,33,2,8,66,
4.0,19.18,15.66,19.08,16.0,16.29,14.25,1.143,1.0,0.188,0.062,0.125,0.188,0.062,0.125,0.25,1.143,1.357,2.714,0.071,0.214,0.143,0.0,1.071,5.57,228,3,1,2,14,16,16,0,4,19,38,1,3,2,0,15,3,6,63,
4.46,21.78,17.11,21.61,16.78,17,9.951,1.708,1.025,0.125,0.05,0.275,0.122,0.049,0.268,0.293,1.667,1.792,1.708,0.667,0.875,0.042,0.167,1.792,6.21,408,5,2,11,24,41,40,1,12,43,41,16,21,1,4,43,2,8,122,
4.89,30.36,24.42,30.0,24.62,24,13.5,1.778,1.0,0.25,0.125,0.25,0.25,0.125,0.25,0.312,1.778,2.222,4.444,0.222,0.667,0.222,0.444,2.0,7.22,216,4,2,4,9,16,16,0,5,20,40,2,6,2,4,18,3,8,70,
4.69,26.72,20.74,24.67,19.08,19.38,10.08,1.923,1.0,0.08,0.28,0.36,0.08,0.28,0.36,0.28,1.923,1.615,2.385,0.385,1.769,0.0,0.077,2.385,5.38,252,2,7,9,13,25,25,0,7,21,31,5,23,0,1,31,2,10,80,
4.1,18.29,14.24,18.78,15.11,16.3,11.643,1.4,1.077,0.308,0.154,0.231,0.286,0.143,0.214,0.143,1.3,1.5,2.9,0.5,0.5,0.2,0.2,1.3,6.5,163,4,2,3,10,14,13,1,2,15,29,5,5,2,2,13,3,6,56,
5.06,21.61,16.57,20.8,15.87,17.88,7.526,2.375,1.056,0.167,0.25,0.25,0.158,0.237,0.237,0.184,2.25,1.0,1.0,0.125,1.062,0.062,0.125,2.625,3.94,286,6,9,9,16,38,36,2,7,16,16,2,17,1,2,42,2,11,52,
3.82,21.35,16.98,22.0,18.1,17.91,10.944,1.636,1.0,0.0,0.0,0.167,0.0,0.0,0.167,0.222,1.636,2.364,3.909,0.818,0.0,0.0,0.0,1.0,4.36,197,0,0,3,11,18,18,0,4,26,43,9,0,0,0,11,2,7,78,
4.1,17.65,13.91,16.85,13.15,14.14,6.907,2.048,1.024,0.048,0.167,0.31,0.047,0.163,0.302,0.047,2.0,0.762,1.0,0.19,0.952,0.0,0.19,2.048,3.43,297,2,7,13,21,43,42,1,2,16,21,4,20,0,4,43,1,9,61,
3.79,21.12,17.58,21.85,18.46,16.5,12.833,1.286,1.0,0.0,0.056,0.111,0.0,0.056,0.111,0.5,1.286,1.857,2.286,0.357,0.071,0.0,0.0,0.929,4.93,231,0,1,2,14,18,18,0,9,26,32,5,1,0,0,13,2,7,64,
4.0,22.38,17.1,22.53,17.13,18.19,9.094,2.0,1.103,0.069,0.138,0.172,0.062,0.125,0.156,0.156,1.812,1.812,2.062,0.562,0.75,0.0,0.0,1.562,6.06,291,2,4,5,16,32,29,3,5,29,33,9,12,0,0,25,2,7,83,
6.27,32.22,24.07,32.86,25.79,26.27,10.368,2.533,1.0,0.237,0.105,0.447,0.237,0.105,0.447,0.263,2.533,1.733,3.067,0.4,1.867,0.067,0.067,3.8,8.67,394,9,4,17,15,38,38,0,10,26,46,6,28,1,1,57,3,10,107,
4.62,21.82,16.96,21.86,16.0,20.5,18.222,1.125,1.0,0.222,0.0,0.222,0.222,0.0,0.222,0.667,1.125,2.375,3.75,0.625,0.125,0.125,0.125,1.25,6,164,2,0,2,8,9,9,0,6,19,30,5,1,1,1,10,3,7,56,
5.5,29.29,21.86,30.14,23.0,24.88,15.308,1.625,1.0,0.154,0.385,0.0,0.154,0.385,0.0,0.308,1.625,2.625,5.25,0.375,0.5,0.0,0.125,1.75,6.88,199,2,5,0,8,13,13,0,4,21,42,3,4,0,1,14,2,10,70,
5.2,25.81,19.36,25.43,19.0,21.2,9.086,2.333,1.061,0.182,0.152,0.364,0.171,0.143,0.343,0.2,2.2,1.8,2.533,0.267,0.933,0.0,0.333,2.4,6.4,318,6,5,12,15,35,33,2,7,27,38,4,14,0,5,36,3,9,83,
4.8,29.24,23.13,30.56,25.0,24.7,14.529,1.7,1.133,0.267,0.2,0.067,0.235,0.176,0.059,0.471,1.5,2.2,3.6,0.3,0.0,0.2,0.0,1.2,9.4,247,4,3,1,10,17,15,2,8,22,36,3,0,2,0,12,4,7,63,
4.71,32.97,26.19,33.46,26.15,25.79,9.757,2.643,1.0,0.054,0.216,0.27,0.054,0.216,0.27,0.135,2.643,2.429,3.357,0.643,1.5,0.143,0.0,2.714,8.21,361,2,8,10,14,37,37,0,5,34,47,9,21,2,0,38,2,7,113,
4.18,19.89,16.11,20.5,16.5,15.09,11.067,1.364,1.0,0.067,0.133,0.067,0.067,0.133,0.067,0.333,1.364,1.909,2.364,0.091,0.182,0.0,0.091,1.0,3.27,166,1,2,1,11,15,15,0,5,21,26,1,2,0,1,11,2,8,50,
4.22,19.79,15.48,20.0,15.76,15.33,8.364,1.833,1.031,0.0,0.188,0.125,0.0,0.182,0.121,0.303,1.778,0.833,1.278,0.444,0.722,0.0,0.0,1.833,6.17,276,0,6,4,18,33,32,1,10,15,23,8,13,0,0,33,2,8,59,
4.25,24.18,19.54,22.86,18.86,21,15.273,1.375,1.0,0.091,0.0,0.182,0.091,0.0,0.182,0.182,1.375,2.0,4.5,0.5,0.375,0.0,0.0,1.25,7.62,168,1,0,2,8,11,11,0,2,16,36,4,3,0,0,10,2,8,59,
4.24,19.79,15.79,19.62,15.44,16.76,7.125,2.353,1.0,0.0,0.2,0.225,0.0,0.2,0.225,0.225,2.353,1.176,1.294,0.294,1.588,0.059,0.0,2.412,5.65,285,0,8,9,17,40,40,0,9,20,22,5,27,1,0,41,2,7,75,
5.44,20.58,16.89,18.88,15.0,18.11,11.643,1.556,1.0,0.286,0.143,0.143,0.286,0.143,0.143,0.357,1.556,2.0,3.111,0.111,0.222,0.0,0.0,1.333,9.33,163,4,2,2,9,14,14,0,5,18,28,1,2,0,0,12,2,8,49,
4.91,22.98,17.63,23.86,18.41,18.43,8.653,2.13,1.0,0.082,0.082,0.265,0.082,0.082,0.265,0.184,2.13,1.13,1.696,0.522,1.348,0.0,0.13,2.522,3.48,424,4,4,13,23,49,49,0,9,26,39,12,31,0,3,58,2,9,108,
4.31,22.26,17.4,22.42,17.83,18.31,11.333,1.615,1.0,0.238,0.095,0.19,0.238,0.095,0.19,0.143,1.615,2.077,3.462,0.385,0.231,0.0,0.0,1.462,7,238,5,2,4,13,21,21,0,3,27,45,5,3,0,0,19,2,7,80,
3.95,26.3,21.62,24.63,19.16,18.25,7.449,2.45,1.021,0.125,0.125,0.271,0.122,0.122,0.265,0.184,2.4,1.25,1.5,0.55,1.5,0.0,0.15,2.45,7.45,365,6,6,13,20,49,48,1,9,25,30,11,30,0,3,49,2,12,96,
3.92,19.71,16.65,21.64,17.91,14.58,9.722,1.5,1.0,0.0,0.056,0.056,0.0,0.056,0.056,0.222,1.5,1.417,2.083,0.333,0.5,0.0,0.0,1.083,3.75,175,0,1,1,12,18,18,0,4,17,25,4,6,0,0,13,1,7,52,
3.5,18.03,14.66,18.34,14.72,13.4,8.933,1.5,1.023,0.0,0.068,0.205,0.0,0.067,0.2,0.222,1.467,1.1,1.433,0.3,0.767,0.0,0.0,1.4,4.63,402,0,3,9,30,45,44,1,10,33,43,9,23,0,0,42,1,7,108,
4.43,25.43,20.95,26.0,22.17,20.71,13.182,1.571,1.0,0.091,0.182,0.091,0.091,0.182,0.091,0.182,1.571,2.0,4.286,0.286,0.0,0.143,0.143,1.429,7.57,145,1,2,1,7,11,11,0,2,14,30,2,0,1,1,10,3,8,47,
5.4,30.54,24.47,32.64,27.0,23.2,7.733,3.0,1.0,0.133,0.2,0.222,0.133,0.2,0.222,0.133,3.0,1.267,2.533,0.4,1.6,0.0,0.267,3.067,6.8,348,6,9,10,15,45,45,0,6,19,38,6,24,0,4,46,2,11,87,
5.0,23.36,18.5,25.0,19.29,20.75,12.769,1.625,1.0,0.308,0.154,0.231,0.308,0.154,0.231,0.231,1.625,1.625,3.75,0.5,0.25,0.25,0.0,1.875,6.12,166,4,2,3,8,13,13,0,3,13,30,4,2,2,0,15,3,6,51,
3.7,20.69,16.67,20.89,17.22,18.7,11.688,1.6,1.0,0.062,0.125,0.125,0.062,0.125,0.125,0.375,1.6,1.5,2.8,0.5,0.1,0.2,0.0,1.0,5.2,187,1,2,2,10,16,16,0,6,15,28,5,1,2,0,10,2,6,51,
4.0,17.42,13.28,17.33,13.11,13.89,9.103,1.526,1.074,0.074,0.148,0.481,0.069,0.138,0.448,0.241,1.421,0.789,1.368,0.421,1.211,0.053,0.053,1.895,5.89,264,2,4,13,19,29,27,2,7,15,26,8,23,1,1,36,1,7,73,
4.91,26.71,20.25,25.5,19.3,22.18,12.842,1.727,1.0,0.158,0.0,0.105,0.158,0.0,0.105,0.211,1.727,3.273,4.545,0.455,0.091,0.0,0.182,1.273,7.36,244,3,0,2,11,19,19,0,4,36,50,5,1,0,2,14,2,10,92,
4.11,20.33,15.89,19.28,15.39,16.58,9.844,1.684,1.0,0.094,0.062,0.25,0.094,0.062,0.25,0.281,1.684,1.368,1.789,0.316,1.158,0.0,0.105,1.737,6.63,315,3,2,8,19,32,32,0,9,26,34,6,22,0,2,33,2,7,88,
4.78,22.75,16.89,21.88,16.5,20.67,12.4,1.667,1.071,0.071,0.143,0.286,0.067,0.133,0.267,0.067,1.556,2.333,3.889,0.333,0.556,0.0,0.333,1.333,7.11,186,1,2,4,9,15,14,1,1,21,35,3,5,0,3,12,3,7,64,
4.33,20.73,15.86,20.53,15.82,17.44,8.486,2.056,1.0,0.162,0.108,0.297,0.162,0.108,0.297,0.189,2.056,1.444,1.667,0.278,1.556,0.0,0.111,2.833,7.61,314,6,4,11,18,37,37,0,7,26,30,5,28,0,2,51,2,7,89,
3.48,16.07,12.29,16.0,12.1,13.48,9.129,1.476,1.069,0.138,0.034,0.207,0.129,0.032,0.194,0.097,1.381,1.19,1.286,0.333,0.571,0.048,0.095,1.476,3.24,283,4,1,6,21,31,29,2,3,25,27,7,12,1,2,31,2,5,72,
3.5,16.92,13.37,16.87,13.48,13.83,8.973,1.542,1.028,0.139,0.139,0.25,0.135,0.135,0.243,0.162,1.5,0.917,1.167,0.292,1.167,0.0,0.167,2.0,4,332,5,5,9,24,37,36,1,6,22,28,7,28,0,4,48,2,6,85,
4.68,20.84,16.16,19.81,15.1,17.41,10.639,1.636,1.029,0.086,0.114,0.257,0.083,0.111,0.25,0.139,1.591,1.273,2.409,0.409,0.682,0.0,0.045,1.5,5.32,383,3,4,9,22,36,35,1,5,28,53,9,15,0,1,33,2,12,105,
3.75,16.79,12.6,16.42,12.0,14.05,8.029,1.75,1.094,0.156,0.125,0.094,0.143,0.114,0.086,0.143,1.6,1.2,1.8,0.4,0.9,0.05,0.1,1.55,4.95,281,5,4,3,20,35,32,3,5,24,36,8,18,1,2,31,2,6,87,
3.42,16.84,12.67,16.0,11.78,14,8.312,1.684,1.032,0.065,0.097,0.194,0.062,0.094,0.188,0.156,1.632,1.0,1.474,0.263,0.789,0.0,0.105,1.474,4.95,266,2,3,6,19,32,31,1,5,19,28,5,15,0,2,28,2,5,67,
5.0,24.5,18.41,24.67,19.0,20.92,11.333,1.846,1.0,0.125,0.083,0.042,0.125,0.083,0.042,0.208,1.846,2.077,2.462,0.308,1.385,0.0,0.154,1.923,4.54,272,3,2,1,13,24,24,0,5,27,32,4,18,0,2,25,2,8,81,
3.12,15.14,11.82,14.62,11.38,10.65,8.227,1.294,1.0,0.091,0.091,0.091,0.091,0.091,0.091,0.136,1.294,1.0,1.118,0.353,0.294,0.059,0.059,1.176,4.53,181,2,2,2,17,22,22,0,3,17,19,6,5,1,1,20,1,5,48,
4.86,20.75,15.55,20.77,14.62,18.36,9.885,1.857,1.0,0.231,0.077,0.115,0.231,0.077,0.115,0.308,1.857,1.357,2.714,0.5,0.857,0.143,0.071,2.286,4.43,257,6,2,3,14,26,26,0,8,19,38,7,12,2,1,32,2,10,78,
4.85,24.6,17.81,24.67,18.17,20.38,14.722,1.385,1.059,0.294,0.059,0.118,0.278,0.056,0.111,0.611,1.308,3.077,2.692,0.692,0.692,0.0,0.308,1.692,8.62,265,5,1,2,13,18,17,1,11,40,35,9,9,0,4,22,3,7,93,
3.68,15.18,11.6,14.67,11.33,12.16,8.25,1.474,1.0,0.143,0.0,0.107,0.143,0.0,0.107,0.107,1.474,1.316,1.474,0.263,0.421,0.0,0.263,1.684,3.63,231,4,0,3,19,28,28,0,3,25,28,5,8,0,5,32,2,6,66,
3.61,16.92,12.85,17.24,13.24,14.5,8.7,1.667,1.0,0.133,0.1,0.067,0.133,0.1,0.067,0.2,1.667,1.778,1.667,0.167,0.556,0.0,0.111,1.278,4.94,261,4,3,2,18,30,30,0,6,32,30,3,10,0,2,23,2,6,75,
4.25,24.91,19.31,26.27,21.0,19.31,9.656,2.0,1.032,0.194,0.129,0.323,0.188,0.125,0.312,0.344,1.938,1.375,2.5,0.438,1.062,0.062,0.438,2.562,6.88,309,6,4,10,16,32,31,1,11,22,40,7,17,1,7,41,2,6,87,
5.93,27.9,20.97,29.0,22.69,22.93,10.031,2.286,1.103,0.345,0.241,0.276,0.312,0.219,0.25,0.188,2.071,2.786,3.571,0.143,0.929,0.0,0.214,2.357,5.36,321,10,7,8,14,32,29,3,6,39,50,2,13,0,3,33,3,11,104,
4.29,25.75,20.21,26.77,21.31,19.14,9.571,2.0,1.12,0.28,0.12,0.28,0.25,0.107,0.25,0.179,1.786,1.5,2.286,0.429,0.714,0.071,0.286,1.857,5.79,268,7,3,7,14,28,25,3,5,21,32,6,10,1,4,26,3,7,70,
4.56,23.66,18.82,24.07,19.13,18.62,8.278,2.25,1.0,0.056,0.083,0.389,0.056,0.083,0.389,0.25,2.25,1.25,1.875,0.25,1.312,0.062,0.125,2.438,7.19,298,2,3,14,16,36,36,0,9,20,30,4,21,1,2,39,2,8,76,
3.7,17.44,13.19,17.16,13.16,13.7,7.829,1.75,1.0,0.114,0.086,0.143,0.114,0.086,0.143,0.029,1.75,1.05,1.85,0.35,0.65,0.0,0.2,1.6,5.4,274,4,3,5,20,35,35,0,1,21,37,7,13,0,4,32,1,7,78,
4.06,21.88,16.88,21.0,16.38,17.24,8.139,2.118,1.0,0.083,0.111,0.167,0.083,0.111,0.167,0.139,2.118,1.882,1.882,0.235,0.647,0.0,0.118,1.765,6.59,293,3,4,6,17,36,36,0,5,32,32,4,11,0,2,30,2,5,79,
3.71,16.93,12.77,17.23,12.69,14.07,7.036,2.0,1.0,0.071,0.071,0.214,0.071,0.071,0.214,0.107,2.0,0.929,1.786,0.357,0.429,0.071,0.0,1.643,3.5,197,2,2,6,14,28,28,0,3,13,25,5,6,1,0,23,2,6,50,
5.25,22.94,17.38,23.45,17.09,19.33,10.545,1.833,1.0,0.364,0.091,0.227,0.364,0.091,0.227,0.227,1.833,1.917,2.5,0.167,0.75,0.0,0.417,3.0,4.33,232,8,2,5,12,22,22,0,5,23,30,2,9,0,5,36,3,8,64,
4.27,19.04,14.94,18.28,14.16,15.55,8.274,1.879,1.033,0.083,0.067,0.3,0.081,0.065,0.29,0.129,1.818,1.455,1.606,0.394,0.879,0.0,0.091,1.758,6.06,513,5,4,18,33,62,60,2,8,48,53,13,29,0,3,58,2,14,143,
3.61,18.41,14.96,17.76,14.24,13.11,9.44,1.389,1.087,0.13,0.217,0.217,0.12,0.2,0.2,0.12,1.278,0.889,1.111,0.278,0.889,0.0,0.167,1.889,6,236,3,5,5,18,25,23,2,3,16,20,5,16,0,3,34,1,11,57,
4.07,19.41,14.63,19.21,14.14,16.2,10.565,1.533,1.045,0.045,0.091,0.182,0.043,0.087,0.174,0.261,1.467,2.067,2.4,0.667,0.333,0.067,0.067,1.4,5.67,243,1,2,4,15,23,22,1,6,31,36,10,5,1,1,21,2,6,83,
3.67,17.04,13.23,15.76,12.24,13.1,8.362,1.567,1.022,0.152,0.109,0.217,0.149,0.106,0.213,0.191,1.533,1.367,1.567,0.3,0.433,0.1,0.033,1.433,5,393,7,5,10,30,47,46,1,9,41,47,9,13,3,1,43,1,8,113,
3.25,15.41,11.89,15.55,12.0,12.17,11.231,1.083,1.0,0.077,0.0,0.0,0.077,0.0,0.0,0.154,1.083,1.25,2.583,0.25,0.167,0.083,0.0,0.75,4.08,146,1,0,0,12,13,13,0,2,15,31,3,2,1,0,9,2,5,52,
5.2,24.67,19.51,26.0,20.67,20.6,12.875,1.6,1.0,0.25,0.062,0.062,0.25,0.062,0.062,0.188,1.6,2.7,3.8,0.4,0.3,0.0,0.1,1.4,5.1,206,4,1,1,10,16,16,0,3,27,38,4,3,0,1,14,3,9,72,
3.27,16.89,13.8,17.0,13.5,14.09,7.75,1.818,1.0,0.05,0.05,0.15,0.05,0.05,0.15,0.1,1.818,1.636,1.818,0.455,0.364,0.0,0.0,1.364,4.64,155,1,1,3,11,20,20,0,2,18,20,5,4,0,0,15,1,5,47,
4.0,17.47,13.11,18.25,13.62,15.67,11.75,1.333,1.091,0.273,0.091,0.0,0.25,0.083,0.0,0.167,1.222,2.0,2.778,0.222,0.333,0.111,0.0,1.333,3,141,3,1,0,9,12,11,1,2,18,25,2,3,1,0,12,2,6,49,
3.8,17.47,13.53,16.11,11.67,15.4,14.0,1.1,1.0,0.273,0.0,0.0,0.273,0.0,0.0,0.273,1.1,1.5,3.3,0.5,0.2,0.0,0.0,0.8,8,154,3,0,0,10,11,11,0,3,15,33,5,2,0,0,8,2,7,55,
5.29,26.43,20.43,26.5,20.33,24.29,12.143,2.0,1.0,0.214,0.0,0.143,0.214,0.0,0.143,0.214,2.0,1.857,4.143,0.429,0.571,0.143,0.0,2.714,7.57,170,3,0,2,7,14,14,0,3,13,29,3,4,1,0,19,3,8,50,
4.25,23.25,18.36,23.43,18.57,19,10.133,1.875,1.0,0.2,0.267,0.0,0.2,0.267,0.0,0.133,1.875,1.875,3.375,0.375,0.125,0.125,0.0,1.5,4.5,152,3,4,0,8,15,15,0,2,15,27,3,1,1,0,12,2,6,47,
5.0,27.29,20.89,27.86,21.29,21.5,17.2,1.25,1.0,0.4,0.0,0.2,0.4,0.0,0.2,0.3,1.25,2.625,4.25,0.625,0.125,0.0,0.125,1.625,5.12,172,4,0,2,8,10,10,0,3,21,34,5,1,0,1,13,2,7,61,
5.25,27.39,21.96,26.29,20.86,23.75,11.176,2.125,1.0,0.235,0.059,0.059,0.235,0.059,0.059,0.0,2.125,3.125,5.0,0.5,0.125,0.0,0.0,2.0,7.12,190,4,1,1,8,17,17,0,0,25,40,4,1,0,0,16,3,7,70,
4.5,23.89,19.13,23.44,19.44,20.5,12.812,1.6,1.0,0.125,0.188,0.062,0.125,0.188,0.062,0.188,1.6,2.2,3.7,0.4,0.3,0.1,0.0,1.5,7,205,2,3,1,10,16,16,0,3,22,37,4,3,1,0,15,2,7,67,
4.4,24.0,18.69,25.22,19.44,20,15.385,1.3,1.0,0.154,0.0,0.308,0.154,0.0,0.308,0.538,1.3,2.9,3.0,0.2,0.1,0.2,0.0,1.6,6.4,200,2,0,4,10,13,13,0,7,29,30,2,1,2,0,16,3,6,64,
4.0,17.0,13.0,16.9,12.8,14.45,10.6,1.364,1.0,0.133,0.0,0.2,0.133,0.0,0.2,0.133,1.364,1.0,2.0,0.455,0.0,0.0,0.0,1.364,5.55,159,2,0,3,11,15,15,0,2,11,22,5,0,0,0,15,2,8,38,
4.1,17.89,13.4,19.22,14.44,15.8,13.167,1.2,1.0,0.167,0.0,0.167,0.167,0.0,0.167,0.0,1.2,2.1,3.6,0.3,0.1,0.0,0.1,1.0,6.1,158,2,0,2,10,12,12,0,0,21,36,3,1,0,1,10,2,10,61,
4.33,18.06,14.64,18.0,15.0,15.11,10.462,1.444,1.0,0.231,0.154,0.0,0.231,0.154,0.0,0.077,1.444,1.444,2.333,0.889,0.333,0.111,0.111,1.0,6.33,136,3,2,0,9,13,13,0,1,13,21,8,3,1,1,9,2,9,46,
5.0,21.09,16.89,21.89,17.0,17.7,11.8,1.5,1.0,0.2,0.0,0.133,0.2,0.0,0.133,0.267,1.5,1.9,3.6,0.3,0.4,0.1,0.0,1.5,6.7,177,3,0,2,10,15,15,0,4,19,36,3,4,1,0,15,3,10,63,
4.09,20.84,16.91,18.2,15.1,16.64,8.714,1.909,1.05,0.05,0.05,0.2,0.048,0.048,0.19,0.0,1.818,1.818,2.455,0.455,0.273,0.0,0.0,1.364,4.82,183,1,1,4,11,21,20,1,0,20,27,5,3,0,0,15,2,8,55,
3.07,15.33,12.32,16.23,13.62,12.14,10.0,1.214,1.0,0.059,0.059,0.059,0.059,0.059,0.059,0.353,1.214,1.071,1.857,0.286,0.0,0.0,0.0,1.143,6.07,170,1,1,1,14,17,17,0,6,15,26,4,0,0,0,16,2,6,45,
3.89,18.17,14.58,19.12,15.38,16,11.077,1.444,1.083,0.083,0.333,0.0,0.077,0.308,0.0,0.077,1.333,1.889,2.667,0.222,0.111,0.0,0.0,1.222,6.89,144,1,4,0,9,13,12,1,1,17,24,2,1,0,0,11,3,6,44,
3.38,19.0,15.86,20.17,17.42,15,11.471,1.308,1.0,0.059,0.059,0.0,0.059,0.059,0.0,0.059,1.308,1.308,2.692,0.154,0.231,0.0,0.0,1.308,3.77,195,1,1,0,13,17,17,0,1,17,35,2,3,0,0,17,2,5,57,
3.22,20.47,15.69,20.88,17.0,17.56,10.533,1.667,1.0,0.067,0.0,0.2,0.067,0.0,0.2,0.067,1.667,2.444,2.778,0.556,0.111,0.111,0.111,1.333,9.33,158,1,0,3,9,15,15,0,1,22,25,5,1,1,1,12,2,4,54,
5.0,27.43,18.81,27.33,19.17,24.14,13.0,1.857,1.0,0.154,0.154,0.154,0.154,0.154,0.154,0.154,1.857,2.571,5.143,0.286,0.143,0.0,0.0,1.429,7,169,2,2,2,7,13,13,0,2,18,36,2,1,0,0,10,3,7,57,
6.0,26.38,18.71,28.0,20.0,24.43,17.1,1.429,1.111,0.222,0.111,0.222,0.2,0.1,0.2,0.0,1.286,4.571,4.571,0.857,0.0,0.0,0.0,1.0,6.43,171,2,1,2,7,10,9,1,0,32,32,6,0,0,0,7,4,9,70,
3.56,16.64,13.03,16.62,13.5,13.11,10.727,1.222,1.0,0.091,0.0,0.182,0.091,0.0,0.182,0.455,1.222,1.667,2.0,0.111,0.222,0.0,0.0,1.444,4.11,118,1,0,2,9,11,11,0,5,15,18,1,2,0,0,13,2,5,36,
6.0,28.53,21.87,27.8,21.8,25,16.667,1.5,1.0,0.0,0.0,0.222,0.0,0.0,0.222,0.444,1.5,4.0,5.667,0.333,0.5,0.0,0.0,1.333,7,150,0,0,2,6,9,9,0,4,24,34,2,3,0,0,8,4,11,63,
4.22,21.08,16.39,20.5,15.38,17.67,10.6,1.667,1.0,0.067,0.2,0.2,0.067,0.2,0.2,0.2,1.667,2.0,2.556,0.222,0.222,0.0,0.0,1.889,6.22,159,1,3,3,9,15,15,0,3,18,23,2,2,0,0,17,3,5,45,
4.56,25.72,20.75,26.62,22.25,20.78,13.357,1.556,1.0,0.143,0.071,0.357,0.143,0.071,0.357,0.214,1.556,2.0,3.111,0.556,0.667,0.111,0.0,2.0,6.22,187,2,1,5,9,14,14,0,3,18,28,5,6,1,0,18,2,6,58,
4.25,15.79,12.29,15.14,12.0,14.38,12.778,1.125,1.0,0.111,0.222,0.0,0.111,0.222,0.0,0.111,1.125,2.5,2.5,0.25,0.0,0.0,0.0,0.875,3.62,115,1,2,0,8,9,9,0,1,20,20,2,0,0,0,7,3,6,42,
3.0,16.14,13.14,17.62,14.5,13,8.357,1.556,1.0,0.143,0.0,0.071,0.143,0.0,0.071,0.071,1.556,1.111,1.778,0.333,0.0,0.111,0.0,0.889,5.44,117,2,0,1,9,14,14,0,1,10,16,3,0,1,0,8,2,4,30,
4.14,23.48,18.14,23.0,17.67,21.71,10.857,2.0,1.0,0.071,0.071,0.143,0.071,0.071,0.143,0.071,2.0,3.143,4.0,0.429,0.286,0.0,0.0,1.143,10.43,152,1,1,2,7,14,14,0,1,22,28,3,2,0,0,8,3,5,55,
5.38,28.21,22.18,26.86,21.57,23,10.824,2.125,1.0,0.176,0.118,0.118,0.176,0.118,0.118,0.0,2.125,2.125,4.0,0.5,0.375,0.125,0.0,1.875,8.12,184,3,2,2,8,17,17,0,0,17,32,4,3,1,0,15,2,9,57,
4.11,17.58,13.39,17.47,13.41,13.67,9.462,1.444,1.04,0.04,0.28,0.16,0.038,0.269,0.154,0.269,1.389,2.0,2.222,0.167,0.389,0.0,0.056,1.222,3.56,246,1,7,4,18,26,25,1,7,36,40,3,7,0,1,22,2,7,86,
5.67,27.69,21.33,26.43,20.71,20.73,9.424,2.2,1.0,0.152,0.182,0.303,0.152,0.182,0.303,0.212,2.2,2.2,2.6,0.467,1.067,0.067,0.267,2.667,5.33,311,5,6,10,15,33,33,0,7,33,39,7,16,1,4,40,1,11,96,
4.35,19.61,14.96,19.32,14.82,15.61,7.804,2.0,1.022,0.133,0.156,0.2,0.13,0.152,0.196,0.087,1.957,0.739,1.478,0.261,0.913,0.0,0.217,2.348,3.83,359,6,7,9,23,46,45,1,4,17,34,6,21,0,5,54,1,9,78,
4.8,20.53,15.67,20.0,15.11,17.1,7.125,2.4,1.091,0.091,0.136,0.182,0.083,0.125,0.167,0.042,2.2,1.1,1.4,0.3,0.7,0.1,0.4,1.9,5,171,2,3,4,10,24,22,2,1,11,14,3,7,1,4,19,3,7,36,
4.43,21.74,16.51,19.9,15.2,17.67,8.244,2.143,1.023,0.182,0.159,0.205,0.178,0.156,0.2,0.0,2.095,1.381,2.381,0.286,0.714,0.048,0.048,2.048,7.62,371,8,7,9,21,45,44,1,0,29,50,6,15,1,1,43,2,9,101,
4.61,26.07,19.82,25.94,20.24,20.83,9.375,2.222,1.0,0.125,0.15,0.15,0.125,0.15,0.15,0.225,2.222,1.556,2.389,0.333,1.222,0.0,0.333,2.056,7.06,375,5,6,6,18,40,40,0,9,28,43,6,22,0,6,37,2,9,99,
4.07,18.4,14.14,18.0,13.29,15.4,8.25,1.867,1.0,0.143,0.107,0.107,0.143,0.107,0.107,0.214,1.867,1.067,1.6,0.267,0.667,0.0,0.133,2.2,4.93,231,4,3,3,15,28,28,0,6,16,24,4,10,0,2,33,3,7,54,
5.17,28.47,22.23,29.27,23.09,22.25,8.091,2.75,1.031,0.0,0.125,0.312,0.0,0.121,0.303,0.152,2.667,1.667,2.583,0.333,1.5,0.0,0.0,3.083,4.67,267,0,4,10,12,33,32,1,5,20,31,4,18,0,0,37,2,13,73,
4.94,21.18,15.18,21.75,15.75,17.53,9.613,1.824,1.0,0.258,0.161,0.29,0.258,0.161,0.29,0.161,1.824,1.529,2.235,0.235,1.471,0.0,0.412,2.706,4.47,298,8,5,9,17,31,31,0,5,26,38,4,25,0,7,46,3,8,93,
3.91,17.98,13.69,18.43,14.1,14,9.333,1.5,1.0,0.121,0.091,0.182,0.121,0.091,0.182,0.303,1.5,1.5,1.5,0.409,0.727,0.0,0.227,1.591,5.36,308,4,3,6,22,33,33,0,10,33,33,9,16,0,5,35,1,6,91,
4.14,20.19,15.12,19.62,15.0,16.64,7.061,2.357,1.031,0.156,0.062,0.281,0.152,0.061,0.273,0.152,2.286,0.571,0.857,0.071,1.214,0.071,0.071,1.929,4.71,233,5,2,9,14,33,32,1,5,8,12,1,17,1,1,27,2,8,39,
5.41,29.42,22.68,27.31,21.0,23.41,8.122,2.882,1.0,0.041,0.245,0.286,0.041,0.245,0.286,0.102,2.882,1.882,2.412,0.235,1.412,0.0,0.059,3.353,4.88,398,2,12,14,17,49,49,0,5,32,41,4,24,0,1,57,2,9,101,
3.87,23.28,18.47,23.0,17.71,18.33,8.088,2.267,1.03,0.121,0.152,0.212,0.118,0.147,0.206,0.147,2.2,1.8,2.067,0.4,1.133,0.0,0.133,1.8,7.27,275,4,5,7,15,34,33,1,5,27,31,6,17,0,2,27,2,6,81,
3.78,20.53,17.44,21.44,18.89,12.4,7.75,1.6,1.067,0.067,0.067,0.267,0.062,0.062,0.25,0.25,1.5,0.7,1.0,0.2,0.5,0.0,0.1,1.4,4.1,124,1,1,4,10,16,15,1,4,7,10,2,5,0,1,14,1,11,24,
4.12,23.72,18.07,23.13,17.13,17.81,8.382,2.125,1.03,0.182,0.091,0.303,0.176,0.088,0.294,0.265,2.062,1.75,1.375,0.625,1.25,0.062,0.188,2.0,8.88,285,6,3,10,16,34,33,1,9,28,22,10,20,1,3,32,2,7,81,
4.48,20.45,15.51,20.4,16.05,16.33,9.026,1.81,1.027,0.108,0.135,0.243,0.105,0.132,0.237,0.316,1.762,1.286,1.905,0.286,0.619,0.0,0.333,2.19,3.62,343,4,5,9,21,38,37,1,12,27,40,6,13,0,7,46,2,8,86,
3.3,18.8,13.22,18.56,13.11,15.8,8.778,1.8,1.0,0.111,0.0,0.111,0.111,0.0,0.111,0.056,1.8,1.0,1.8,0.9,0.1,0.0,0.0,1.4,4.6,158,2,0,2,10,18,18,0,1,10,18,9,1,0,0,14,2,4,38,
4.18,19.38,13.73,19.2,14.0,15.09,8.737,1.727,1.0,0.158,0.316,0.053,0.158,0.316,0.053,0.053,1.727,1.182,2.0,0.545,0.455,0.0,0.182,2.0,4.36,166,3,6,1,11,19,19,0,1,13,22,6,5,0,2,22,2,9,46,
5.43,34.0,27.76,37.0,30.83,24.71,11.533,2.143,1.0,0.133,0.333,0.133,0.133,0.333,0.133,0.467,2.143,2.714,4.0,0.143,0.571,0.143,0.286,2.857,5.43,173,2,5,2,7,15,15,0,7,19,28,1,4,1,2,20,3,12,53,
3.89,19.25,13.75,17.5,12.38,14.89,10.308,1.444,1.0,0.077,0.077,0.077,0.077,0.077,0.077,0.154,1.444,2.111,2.444,0.0,0.222,0.0,0.0,1.556,5.33,134,1,1,1,9,13,13,0,2,19,22,0,2,0,0,14,2,6,43,
3.25,12.67,9.12,13.0,9.55,10.92,10.077,1.083,1.0,0.154,0.0,0.308,0.154,0.0,0.308,0.154,1.083,1.0,1.417,0.083,0.417,0.0,0.0,1.417,4.25,131,2,0,4,12,13,13,0,2,12,17,1,5,0,0,17,2,5,35,
3.45,15.55,11.35,15.1,10.9,13.73,9.438,1.455,1.0,0.312,0.0,0.188,0.312,0.0,0.188,0.125,1.455,1.545,1.909,0.364,0.455,0.0,0.0,1.636,5.73,151,5,0,3,11,16,16,0,2,17,21,4,5,0,0,18,2,4,47,
4.07,20.41,14.75,20.38,13.77,17,9.52,1.786,1.042,0.083,0.167,0.167,0.08,0.16,0.16,0.12,1.714,2.286,2.357,0.571,0.643,0.0,0.143,1.571,5.71,238,2,4,4,14,25,24,1,3,32,33,8,9,0,2,22,2,8,82,
3.67,16.91,13.61,15.91,12.73,13.42,8.944,1.5,1.0,0.0,0.056,0.056,0.0,0.056,0.056,0.111,1.5,1.333,2.417,0.0,0.583,0.0,0.0,0.75,5.75,161,0,1,1,12,18,18,0,2,16,29,0,7,0,0,9,2,6,52,
3.71,12.84,9.38,11.92,9.31,11.5,8.05,1.429,1.0,0.15,0.1,0.2,0.15,0.1,0.2,0.1,1.429,0.786,1.214,0.429,0.286,0.214,0.071,1.643,4.5,161,3,2,4,14,20,20,0,2,11,17,6,4,3,1,23,2,7,41,
3.75,15.71,11.39,16.71,12.0,14,11.2,1.25,1.0,0.4,0.0,0.2,0.4,0.0,0.2,0.1,1.25,1.75,2.0,0.375,0.75,0.125,0.0,1.125,5.75,112,4,0,2,8,10,10,0,1,14,16,3,6,1,0,9,2,7,40,
4.1,19.6,14.85,19.05,14.45,15.05,8.778,1.714,1.0,0.111,0.167,0.083,0.111,0.167,0.083,0.139,1.714,1.19,1.238,0.524,0.714,0.0,0.095,1.762,5.62,316,4,6,3,21,36,36,0,5,25,26,11,15,0,2,37,2,8,77,
3.73,18.22,13.16,17.6,12.3,15.45,10.0,1.545,1.0,0.176,0.118,0.176,0.176,0.118,0.176,0.176,1.545,1.182,2.0,0.455,0.364,0.091,0.182,1.727,3.36,170,3,2,3,11,17,17,0,3,13,22,5,4,1,2,19,2,6,45,
6.18,30.69,24.6,30.81,24.25,23.71,8.956,2.647,1.023,0.159,0.159,0.159,0.156,0.156,0.156,0.178,2.588,1.824,2.706,0.294,1.588,0.0,0.353,3.0,6.47,403,7,7,7,17,45,44,1,8,31,46,5,27,0,6,51,2,12,109,
5.11,20.75,14.64,19.88,13.75,18.22,9.111,2.0,1.0,0.056,0.278,0.222,0.056,0.278,0.222,0.111,2.0,1.778,3.222,0.556,0.111,0.0,0.0,2.0,6.11,164,1,5,4,9,18,18,0,2,16,29,5,1,0,0,18,3,8,51,
4.09,19.71,14.8,18.5,13.3,16.09,8.429,1.909,1.05,0.1,0.2,0.15,0.095,0.19,0.143,0.19,1.818,1.455,2.0,0.364,0.0,0.0,0.0,1.818,6.45,177,2,4,3,11,21,20,1,4,16,22,4,0,0,0,20,2,6,42,
4.58,21.71,16.29,22.28,16.61,17.68,7.467,2.368,1.0,0.133,0.2,0.089,0.133,0.2,0.089,0.067,2.368,1.474,1.737,0.263,1.053,0.0,0.158,2.579,3.42,336,6,9,4,19,45,45,0,3,28,33,5,20,0,3,49,3,10,86,
4.05,18.91,14.39,19.85,14.9,14.95,8.263,1.81,1.0,0.053,0.026,0.132,0.053,0.026,0.132,0.079,1.81,1.238,1.619,0.429,1.0,0.0,0.095,1.857,4.29,314,2,1,5,21,38,38,0,3,26,34,9,21,0,2,39,1,9,90,
4.4,21.91,16.36,18.67,12.89,19.8,8.609,2.3,1.0,0.0,0.174,0.217,0.0,0.174,0.217,0.13,2.3,1.1,2.8,0.8,0.5,0.1,0.0,2.7,5.2,198,0,4,5,10,23,23,0,3,11,28,8,5,1,0,27,3,7,53,
3.83,19.06,14.35,18.64,14.45,14.67,10.353,1.417,1.0,0.118,0.0,0.294,0.118,0.0,0.294,0.294,1.417,1.083,2.333,0.583,0.75,0.083,0.0,1.833,4.83,176,2,0,5,12,17,17,0,5,13,28,7,9,1,0,22,2,6,58,
3.91,18.16,13.51,17.9,13.8,15.55,9.0,1.727,1.0,0.053,0.053,0.211,0.053,0.053,0.211,0.211,1.727,0.636,1.818,0.364,0.909,0.091,0.0,1.727,4,171,1,1,4,11,19,19,0,4,7,20,4,10,1,0,19,2,8,42,
4.55,24.45,19.44,25.8,21.5,21,14.438,1.455,1.0,0.188,0.125,0.062,0.188,0.125,0.062,0.25,1.455,3.0,3.909,0.091,0.182,0.091,0.091,1.727,6.09,231,3,2,1,11,16,16,0,4,33,43,1,2,1,1,19,3,7,80,
4.31,23.09,18.22,24.5,20.08,17.77,9.24,1.923,1.087,0.304,0.13,0.261,0.28,0.12,0.24,0.16,1.769,1.231,1.692,0.308,1.308,0.0,0.077,2.077,7.62,231,7,3,6,13,25,23,2,4,16,22,4,17,0,1,27,1,9,59,
3.92,21.19,16.94,19.67,15.92,17.15,12.389,1.385,1.0,0.111,0.111,0.056,0.111,0.111,0.056,0.222,1.385,2.385,2.923,0.462,0.154,0.077,0.0,1.231,6.23,223,2,2,1,13,18,18,0,4,31,38,6,2,1,0,16,2,6,78,
4.73,20.54,15.9,21.07,16.86,16.73,9.296,1.8,1.038,0.231,0.192,0.231,0.222,0.185,0.222,0.407,1.733,1.467,1.6,0.267,0.933,0.067,0.4,2.2,3.33,251,6,5,6,15,27,26,1,11,22,24,4,14,1,6,33,1,8,65,
5.14,23.76,18.71,24.83,20.0,22.71,10.6,2.143,1.0,0.067,0.2,0.0,0.067,0.2,0.0,0.067,2.143,3.857,4.429,0.571,0.143,0.143,0.0,1.0,6.86,159,1,3,0,7,15,15,0,1,27,31,4,1,1,0,7,2,7,64,
4.61,22.24,17.05,22.47,17.41,17.44,9.515,1.833,1.0,0.091,0.152,0.152,0.091,0.152,0.152,0.303,1.833,1.278,2.167,0.389,0.889,0.056,0.056,2.222,5.44,314,3,5,5,18,33,33,0,10,23,39,7,16,1,1,40,2,9,86,
4.12,28.61,22.82,31.29,24.57,21,16.8,1.25,1.0,0.2,0.0,0.4,0.2,0.0,0.4,0.3,1.25,2.25,4.625,0.375,0.625,0.125,0.0,1.625,5.62,168,2,0,4,8,10,10,0,3,18,37,3,5,1,0,13,2,7,64,
5.17,30.85,23.15,31.36,22.82,25.67,10.267,2.5,1.0,0.1,0.167,0.3,0.1,0.167,0.3,0.267,2.5,1.25,2.75,0.167,2.083,0.083,0.333,3.5,5.92,308,3,5,9,12,30,30,0,8,15,33,2,25,1,4,42,2,7,76,
4.91,26.51,21.62,26.7,21.0,22.09,12.15,1.818,1.0,0.05,0.15,0.05,0.05,0.15,0.05,0.15,1.818,2.909,3.455,0.455,0.364,0.091,0.0,1.727,3.91,243,1,3,1,11,20,20,0,3,32,38,5,4,1,0,19,2,7,80,
5.1,24.22,18.4,23.44,17.33,22.4,17.231,1.3,1.0,0.154,0.308,0.077,0.154,0.308,0.077,0.308,1.3,4.2,4.3,0.5,0.4,0.0,0.2,1.4,4.8,224,2,4,1,10,13,13,0,4,42,43,5,4,0,2,14,2,9,94,
4.43,21.45,16.01,20.08,14.08,17.57,8.786,2.0,1.0,0.036,0.036,0.286,0.036,0.036,0.286,0.143,2.0,1.429,2.0,0.143,1.714,0.0,0.071,2.643,4.5,246,1,1,8,14,28,28,0,4,20,28,2,24,0,1,37,3,7,74,
4.77,25.46,20.45,25.92,21.25,18.62,8.345,2.231,1.036,0.143,0.214,0.179,0.138,0.207,0.172,0.172,2.154,1.385,2.462,0.308,0.769,0.077,0.077,2.462,3.92,242,4,6,5,13,29,28,1,5,18,32,4,10,1,1,32,2,10,65,
6.71,33.0,24.48,33.33,25.33,28.57,14.286,2.0,1.0,0.214,0.214,0.357,0.214,0.214,0.357,0.143,2.0,4.857,5.286,0.143,0.286,0.143,0.286,2.857,5.86,200,3,3,5,7,14,14,0,2,34,37,1,2,1,2,20,4,10,75,
6.33,33.16,25.77,33.57,26.57,26.13,8.34,3.133,1.044,0.2,0.244,0.267,0.191,0.234,0.255,0.085,3.0,1.333,2.667,0.533,1.933,0.0,0.333,3.333,5.47,392,9,11,12,15,47,45,2,4,20,40,8,29,0,5,50,2,15,97,
4.43,37.9,31.86,39.33,33.33,28.29,12.375,2.286,1.0,0.188,0.188,0.375,0.188,0.188,0.375,0.188,2.286,3.571,5.714,0.143,1.571,0.286,0.143,2.714,6,198,3,3,6,7,16,16,0,3,25,40,1,11,2,1,19,3,7,79,
4.71,24.87,18.86,24.92,19.0,20.36,9.5,2.143,1.0,0.233,0.067,0.233,0.233,0.067,0.233,0.167,2.143,1.357,2.143,0.357,1.286,0.071,0.214,2.071,6.57,285,7,2,7,14,30,30,0,5,19,30,5,18,1,3,29,2,9,73,
9.0,44.17,32.0,45.0,32.67,43.5,15.818,2.75,1.222,0.667,0.333,0.222,0.545,0.273,0.182,0.273,2.25,7.5,8.75,0.0,0.75,0.75,0.25,3.25,7,174,6,3,2,4,11,9,2,3,30,35,0,3,3,1,13,4,15,71,
5.33,31.41,24.55,29.07,22.14,24.07,12.448,1.933,1.0,0.276,0.0,0.517,0.276,0.0,0.517,0.172,1.933,2.133,3.867,0.6,1.267,0.133,0.333,2.533,6.13,361,8,0,15,15,29,29,0,5,32,58,9,19,2,5,38,3,8,120,
5.86,27.33,20.9,26.83,21.83,26.71,15.583,1.714,1.0,0.333,0.25,0.167,0.333,0.25,0.167,0.25,1.714,3.571,5.0,0.143,0.857,0.143,0.0,2.429,7.29,187,4,3,2,7,12,12,0,3,25,35,1,6,1,0,17,4,8,68,
5.17,24.21,18.61,24.09,18.82,21.5,7.167,3.0,1.059,0.118,0.088,0.206,0.111,0.083,0.194,0.167,2.833,0.75,1.667,0.333,1.5,0.0,0.25,2.667,3.42,258,4,3,7,12,36,34,2,6,9,20,4,18,0,3,32,4,7,51,
6.23,34.97,26.41,34.5,25.92,30.08,19.55,1.538,1.0,0.6,0.05,0.45,0.6,0.05,0.45,0.35,1.538,3.846,5.308,0.231,0.615,0.231,0.308,3.154,5.85,391,12,1,9,13,20,20,0,7,50,69,3,8,3,4,41,3,10,133,
6.29,33.76,26.54,33.46,26.46,25.93,12.1,2.143,1.0,0.233,0.167,0.4,0.233,0.167,0.4,0.167,2.143,2.714,3.714,0.571,1.357,0.0,0.286,2.786,7.14,363,7,5,12,14,30,30,0,5,38,52,8,19,0,4,39,2,13,117,
5.12,32.0,27.25,32.71,28.71,22.38,16.273,1.375,1.1,0.3,0.3,0.2,0.273,0.273,0.182,0.091,1.25,4.75,4.625,0.375,0.625,0.0,0.0,1.5,8.12,179,3,3,2,8,11,10,1,1,38,37,3,5,0,0,12,2,9,83,
4.82,27.35,21.62,26.2,20.1,21.73,8.536,2.545,1.037,0.074,0.074,0.333,0.071,0.071,0.321,0.214,2.455,1.636,2.273,0.273,1.0,0.0,0.091,2.0,8.91,239,2,2,9,11,28,27,1,6,18,25,3,11,0,1,22,3,8,57,
4.71,22.57,17.67,22.5,17.67,20.14,15.667,1.286,1.0,0.333,0.0,0.111,0.333,0.0,0.111,0.111,1.286,3.429,3.429,0.714,0.571,0.0,0.143,1.429,3.57,141,3,0,1,7,9,9,0,1,24,24,5,4,0,1,10,3,9,57,
4.55,27.13,21.38,29.1,23.5,19.64,12.0,1.636,1.0,0.222,0.0,0.222,0.222,0.0,0.222,0.5,1.636,2.364,2.545,0.273,1.182,0.0,0.091,2.182,4.82,216,4,0,4,11,18,18,0,9,26,28,3,13,0,1,24,1,9,70,
4.82,32.42,26.36,31.5,25.7,24.64,10.84,2.273,1.0,0.24,0.04,0.12,0.24,0.04,0.12,0.32,2.273,2.273,2.909,0.545,0.455,0.273,0.0,1.909,5.82,271,6,1,3,11,25,25,0,8,25,32,6,5,3,0,21,2,11,71,
4.6,23.76,19.42,25.0,20.56,20,15.385,1.3,1.0,0.077,0.0,0.154,0.077,0.0,0.154,0.385,1.3,2.3,4.3,0.2,0.6,0.0,0.0,1.4,5.3,200,1,0,2,10,13,13,0,5,23,43,2,6,0,0,14,3,8,74,
3.57,18.8,14.96,16.69,12.77,15.5,11.421,1.357,1.0,0.105,0.053,0.105,0.105,0.053,0.105,0.158,1.357,0.929,2.857,0.071,0.857,0.0,0.071,1.5,6.93,217,2,1,2,14,19,19,0,3,13,40,1,12,0,1,21,2,5,66,
5.12,27.0,21.36,26.86,21.14,24,12.8,1.875,1.071,0.143,0.286,0.286,0.133,0.267,0.267,0.6,1.75,2.75,4.25,0.25,0.375,0.125,0.125,1.875,7,192,2,4,4,8,15,14,1,9,22,34,2,3,1,1,15,3,7,62,
5.44,24.75,20.0,24.75,20.25,23.22,11.611,2.0,1.059,0.235,0.0,0.471,0.222,0.0,0.444,0.111,1.889,1.889,4.0,0.444,0.778,0.222,0.0,2.444,4.22,209,4,0,8,9,18,17,1,2,17,36,4,7,2,0,22,3,8,66,
3.91,18.22,13.4,18.3,14.4,16.91,16.909,1.0,1.0,0.091,0.0,0.091,0.091,0.0,0.091,0.364,1.0,2.727,3.273,0.455,0.273,0.0,0.091,1.0,4.45,186,1,0,1,11,11,11,0,4,30,36,5,3,0,1,11,3,6,74,
4.1,24.89,19.4,24.89,18.89,20.9,12.294,1.7,1.062,0.188,0.125,0.312,0.176,0.118,0.294,0.118,1.6,2.2,3.5,0.3,1.0,0.0,0.1,2.1,7.3,209,3,2,5,10,17,16,1,2,22,35,3,10,0,1,21,2,5,70,
5.43,40.0,31.9,39.33,32.0,29.14,17.0,1.714,1.091,0.364,0.091,0.455,0.333,0.083,0.417,0.5,1.571,2.714,5.143,0.714,1.0,0.0,0.0,2.571,4,204,4,1,5,7,12,11,1,6,19,36,5,7,0,0,18,3,8,67,
5.38,29.5,23.14,29.86,23.14,24.25,10.778,2.25,1.0,0.056,0.111,0.167,0.056,0.111,0.167,0.222,2.25,3.5,3.875,0.375,0.25,0.125,0.0,1.875,3.88,194,1,2,3,8,18,18,0,4,28,31,3,2,1,0,15,3,8,65,
4.33,22.78,18.44,23.12,18.62,18.33,15.0,1.222,1.0,0.273,0.0,0.182,0.273,0.0,0.182,0.364,1.222,2.889,2.222,0.333,0.333,0.0,0.0,0.778,7.44,165,3,0,2,9,11,11,0,4,26,20,3,3,0,0,7,3,8,52,
4.12,28.89,22.54,29.14,21.86,23.12,16.818,1.375,1.0,0.091,0.091,0.273,0.091,0.091,0.273,0.455,1.375,2.75,4.25,0.5,0.625,0.125,0.0,2.0,8.12,185,1,1,3,8,11,11,0,5,22,34,4,5,1,0,16,3,7,66,
5.5,28.07,21.54,27.71,20.86,24,12.0,2.0,1.0,0.25,0.062,0.188,0.25,0.062,0.188,0.062,2.0,2.875,4.125,0.625,0.375,0.25,0.5,1.375,4.75,192,4,1,3,8,16,16,0,1,23,33,5,3,2,4,11,3,8,66,
5.5,24.38,18.43,24.27,18.27,19.94,9.382,2.125,1.03,0.121,0.212,0.212,0.118,0.206,0.206,0.324,2.062,1.562,2.125,0.125,1.375,0.062,0.25,2.125,5,319,4,7,7,16,34,33,1,11,25,34,2,22,1,4,34,1,11,84,
5.0,25.89,19.72,24.21,17.64,19.67,11.346,1.733,1.04,0.16,0.16,0.2,0.154,0.154,0.192,0.308,1.667,1.667,2.8,0.467,1.0,0.067,0.267,1.733,6.27,295,4,4,5,15,26,25,1,8,25,42,7,15,1,4,26,1,10,90,
5.65,25.48,19.21,26.0,18.88,21.53,9.385,2.294,1.026,0.211,0.105,0.211,0.205,0.103,0.205,0.128,2.235,2.765,3.353,0.588,0.941,0.0,0.059,2.294,4.59,366,8,4,8,17,39,38,1,5,47,57,10,16,0,1,39,2,8,130,
4.59,22.53,16.82,22.94,16.94,17.41,8.706,2.0,1.0,0.118,0.147,0.206,0.118,0.147,0.206,0.324,2.0,1.647,2.0,0.118,1.235,0.0,0.059,1.882,6.06,296,4,5,7,17,34,34,0,11,28,34,2,21,0,1,32,2,7,85,
5.36,34.15,27.29,34.2,27.8,26.91,10.571,2.545,1.0,0.25,0.179,0.393,0.25,0.179,0.393,0.071,2.545,1.818,2.727,0.545,2.727,0.091,0.636,3.455,10.82,296,7,5,11,11,28,28,0,2,20,30,6,30,1,7,38,2,11,87,
4.69,29.13,22.91,28.92,22.83,21.23,7.667,2.769,1.059,0.118,0.176,0.294,0.111,0.167,0.278,0.111,2.615,1.692,2.385,0.231,1.462,0.0,0.385,2.538,6.38,276,4,6,10,13,36,34,2,4,22,31,3,19,0,5,33,1,9,75,
5.06,19.86,15.63,19.47,15.41,17,8.27,2.056,1.057,0.086,0.114,0.343,0.081,0.108,0.324,0.081,1.944,1.222,1.444,0.167,1.056,0.0,0.222,2.0,3.44,306,3,4,12,18,37,35,2,3,22,26,3,19,0,4,36,2,10,70,
5.43,24.8,19.13,25.38,20.23,20.5,7.757,2.643,1.028,0.167,0.111,0.111,0.162,0.108,0.108,0.216,2.571,1.714,1.714,0.357,2.0,0.0,0.214,3.143,4.71,287,6,4,4,14,37,36,1,8,24,24,5,28,0,3,44,3,9,81,
4.83,26.68,19.76,26.0,19.36,20.92,8.964,2.333,1.0,0.179,0.107,0.429,0.179,0.107,0.429,0.25,2.333,1.75,2.167,0.5,1.75,0.0,0.333,2.583,9.25,251,5,3,12,12,28,28,0,7,21,26,6,21,0,4,31,3,9,74,
4.21,21.43,16.75,20.62,15.38,16.14,9.417,1.714,1.043,0.217,0.087,0.217,0.208,0.083,0.208,0.25,1.643,1.5,1.643,0.357,0.929,0.0,0.143,1.571,4.71,226,5,2,5,14,24,23,1,6,21,23,5,13,0,2,22,2,6,62,
5.15,26.24,20.81,24.0,18.67,19.54,8.759,2.231,1.036,0.179,0.107,0.286,0.172,0.103,0.276,0.138,2.154,1.692,2.538,0.538,1.846,0.0,0.308,2.462,7.23,254,5,3,8,13,29,28,1,4,22,33,7,24,0,4,32,1,13,86,
3.71,17.73,13.85,17.75,13.75,14.1,6.578,2.143,1.0,0.044,0.089,0.2,0.044,0.089,0.2,0.178,2.143,1.143,1.19,0.524,0.714,0.0,0.095,1.571,4.95,296,2,4,9,21,45,45,0,8,24,25,11,15,0,2,33,1,7,75,
5.38,23.64,17.79,23.67,17.87,19.56,8.943,2.188,1.029,0.235,0.147,0.235,0.229,0.143,0.229,0.257,2.125,1.5,1.938,0.062,1.188,0.188,0.5,2.562,7.19,313,8,5,8,16,35,34,1,9,24,31,1,19,3,8,41,2,9,78,
5.17,23.29,18.08,22.0,16.82,19.44,10.0,1.944,1.0,0.143,0.114,0.343,0.143,0.114,0.343,0.086,1.944,1.778,2.278,0.389,1.278,0.0,0.167,2.389,5.17,350,5,4,12,18,35,35,0,3,32,41,7,23,0,3,43,3,8,103,
6.7,30.89,21.82,30.11,21.22,27.8,11.12,2.5,1.0,0.28,0.12,0.28,0.28,0.12,0.28,0.48,2.5,3.3,3.3,0.3,1.4,0.0,0.4,2.8,7.3,278,7,3,7,10,25,25,0,12,33,33,3,14,0,4,28,3,11,83,
4.71,20.97,15.75,21.06,16.44,17.94,10.517,1.706,1.0,0.103,0.138,0.241,0.103,0.138,0.241,0.483,1.706,1.529,2.412,0.353,0.706,0.176,0.118,1.941,6.47,305,3,4,7,17,29,29,0,14,26,41,6,12,3,2,33,3,10,88,
5.0,20.7,14.78,20.38,14.69,18.36,12.238,1.5,1.0,0.19,0.0,0.19,0.19,0.0,0.19,0.524,1.5,1.929,2.0,0.286,1.357,0.0,0.286,2.143,6.86,257,4,0,4,14,21,21,0,11,27,28,4,19,0,4,30,3,8,78,
4.22,21.43,16.14,20.94,16.65,17.94,10.094,1.778,1.0,0.062,0.031,0.406,0.062,0.031,0.406,0.25,1.778,1.444,2.056,0.444,1.333,0.056,0.222,2.222,8.67,323,2,1,13,18,32,32,0,8,26,37,8,24,1,4,40,2,7,96,
6.27,36.27,27.95,35.8,27.6,26.82,13.409,2.0,1.0,0.227,0.227,0.455,0.227,0.227,0.455,0.5,2.0,2.727,2.818,0.091,2.636,0.0,0.545,3.545,6.45,295,5,5,10,11,22,22,0,11,30,31,1,29,0,6,39,2,13,91,
5.6,30.46,24.58,30.21,24.71,22.27,8.35,2.667,1.026,0.128,0.051,0.359,0.125,0.05,0.35,0.225,2.6,1.533,2.467,0.333,1.533,0.067,0.133,2.933,4.13,334,5,2,14,15,40,39,1,9,23,37,5,23,1,2,44,2,12,89,
5.25,24.39,17.56,25.0,18.09,20.25,10.565,1.917,1.0,0.174,0.043,0.217,0.174,0.043,0.217,0.174,1.917,2.667,3.0,0.333,1.083,0.083,0.083,2.083,5.75,243,4,1,5,12,23,23,0,4,32,36,4,13,1,1,25,3,14,86,
5.27,29.45,22.22,26.7,19.8,24.55,8.438,2.909,1.067,0.133,0.3,0.133,0.125,0.281,0.125,0.125,2.727,2.455,3.636,0.273,0.909,0.273,0.091,2.636,4.73,270,4,9,4,11,32,30,2,4,27,40,3,10,3,1,29,4,7,83,
5.46,24.53,17.54,23.83,17.58,22.08,9.567,2.308,1.0,0.133,0.167,0.167,0.133,0.167,0.167,0.267,2.308,2.538,3.0,0.462,0.615,0.0,0.077,2.538,6.85,287,4,5,5,13,30,30,0,8,33,39,6,8,0,1,33,4,9,86,
5.25,23.68,18.08,23.6,17.93,19.81,8.568,2.312,1.028,0.139,0.222,0.333,0.135,0.216,0.324,0.162,2.25,1.688,2.625,0.0,1.625,0.0,0.312,2.812,4.94,317,5,8,12,16,37,36,1,6,27,42,0,26,0,5,45,2,10,95,
6.0,35.18,25.25,36.8,26.4,30.09,12.731,2.364,1.04,0.28,0.16,0.24,0.269,0.154,0.231,0.231,2.273,3.455,4.909,0.273,1.727,0.091,0.545,2.545,8.27,331,7,4,6,11,26,25,1,6,38,54,3,19,1,6,28,4,10,115,
5.29,33.89,25.91,32.15,24.54,26,12.133,2.143,1.0,0.267,0.0,0.233,0.267,0.0,0.233,0.233,2.143,3.0,3.714,0.929,0.786,0.0,0.143,2.357,5.86,364,8,0,7,14,30,30,0,7,42,52,13,11,0,2,33,3,9,118,
4.62,27.21,21.32,27.43,21.57,23.75,11.176,2.125,1.062,0.062,0.062,0.25,0.059,0.059,0.235,0.059,2.0,3.125,4.125,0.125,0.0,0.0,0.0,1.875,7,190,1,1,4,8,17,16,1,1,25,33,1,0,0,0,15,3,6,59,
4.08,19.42,15.29,20.18,16.55,15.92,10.611,1.5,1.0,0.056,0.111,0.0,0.056,0.111,0.0,0.389,1.5,2.0,2.5,0.083,0.0,0.0,0.0,1.167,6,191,1,2,0,12,18,18,0,7,24,30,1,0,0,0,14,2,6,55,
3.57,15.01,11.59,14.46,11.23,12.93,11.312,1.143,1.0,0.125,0.062,0.062,0.125,0.062,0.062,0.062,1.143,1.214,2.571,0.357,0.071,0.0,0.143,0.929,5.93,181,2,1,1,14,16,16,0,1,17,36,5,1,0,2,13,2,10,59,
4.67,28.73,21.2,27.4,21.0,26.33,15.8,1.667,1.0,0.0,0.1,0.2,0.0,0.1,0.2,0.2,1.667,3.833,6.167,1.167,0.5,0.0,0.5,1.333,9.17,158,0,1,2,6,10,10,0,2,23,37,7,3,0,3,8,3,6,70,
5.5,26.46,21.18,24.86,19.71,21.5,14.333,1.5,1.091,0.273,0.273,0.0,0.25,0.25,0.0,0.083,1.375,3.25,4.5,0.625,0.125,0.0,0.25,0.875,2.88,172,3,3,0,8,12,11,1,1,26,36,5,1,0,2,7,2,12,68,
3.9,20.58,15.6,20.56,14.89,18.2,14.0,1.3,1.182,0.091,0.0,0.273,0.077,0.0,0.231,0.385,1.1,2.3,3.4,0.5,0.2,0.0,0.0,1.7,4.1,182,1,0,3,10,13,11,2,5,23,34,5,2,0,0,17,2,6,64,
6.6,36.7,27.1,37.0,27.75,33.2,16.6,2.0,1.0,0.1,0.2,0.0,0.1,0.2,0.0,0.1,2.0,3.8,7.6,0.8,0.2,0.0,1.0,1.8,5,166,1,2,0,5,10,10,0,1,19,38,4,1,0,5,9,5,10,62,
5.62,24.61,18.21,24.29,18.43,22,13.538,1.625,1.0,0.077,0.077,0.462,0.077,0.077,0.462,0.077,1.625,2.25,4.0,0.5,1.0,0.125,0.125,1.875,5.88,176,1,1,6,8,13,13,0,1,18,32,4,8,1,1,15,3,7,63,
4.23,23.49,18.79,23.25,19.08,18.62,11.524,1.615,1.05,0.2,0.15,0.2,0.19,0.143,0.19,0.095,1.538,1.692,2.923,0.769,0.538,0.154,0.308,1.692,6.69,242,4,3,4,13,21,20,1,2,22,38,10,7,2,4,22,2,6,79,
4.7,23.98,18.13,23.0,17.11,21.3,15.214,1.4,1.0,0.214,0.071,0.143,0.214,0.071,0.143,0.214,1.4,2.6,4.2,0.8,0.7,0.0,0.4,1.9,7.1,213,3,1,2,10,14,14,0,3,26,42,8,7,0,4,19,3,10,83,
5.67,31.14,23.89,29.75,22.38,25.78,13.647,1.889,1.0,0.235,0.118,0.294,0.235,0.118,0.294,0.294,1.889,2.778,4.0,0.444,1.333,0.111,0.667,2.778,8.78,232,4,2,5,9,17,17,0,5,25,36,4,12,1,6,25,4,11,78,
4.11,23.33,18.25,21.75,16.88,18.89,15.455,1.222,1.0,0.0,0.0,0.0,0.0,0.0,0.0,0.273,1.222,3.222,3.889,0.444,0.111,0.111,0.444,0.778,6.56,170,0,0,0,9,11,11,0,3,29,35,4,1,1,4,7,3,6,70,
4.08,22.48,17.91,21.64,17.45,19,10.364,1.833,1.0,0.045,0.045,0.136,0.045,0.045,0.136,0.136,1.833,2.25,3.75,0.167,0.333,0.0,0.083,1.417,7.75,228,1,1,3,12,22,22,0,3,27,45,2,4,0,1,17,2,7,78,
6.17,35.0,29.33,29.6,24.8,28.33,14.167,2.0,1.0,0.417,0.083,0.333,0.417,0.083,0.333,0.083,2.0,3.833,5.667,0.167,0.667,0.333,0.667,2.167,4,170,5,1,4,6,12,12,0,1,23,34,1,4,2,4,13,2,9,64,
4.22,20.89,17.39,19.88,16.62,16.56,9.312,1.778,1.0,0.125,0.188,0.062,0.125,0.188,0.062,0.125,1.778,1.111,2.778,0.667,0.444,0.0,0.222,1.0,4.11,149,2,3,1,9,16,16,0,2,10,25,6,4,0,2,9,1,8,45,
4.55,24.16,20.11,21.0,16.6,19.09,14.0,1.364,1.0,0.067,0.133,0.2,0.067,0.133,0.2,0.133,1.364,3.0,4.091,0.091,0.364,0.0,0.545,1.091,6.82,210,1,2,3,11,15,15,0,2,33,45,1,4,0,6,12,3,7,83,
5.78,29.14,21.42,30.25,22.12,25,20.455,1.222,1.1,0.5,0.1,0.3,0.455,0.091,0.273,0.455,1.111,3.111,5.111,0.556,0.444,0.111,0.111,1.444,6.33,225,5,1,3,9,11,10,1,5,28,46,5,4,1,1,13,3,9,84,
6.86,30.24,22.33,28.67,21.0,28,21.778,1.286,1.125,0.75,0.125,0.125,0.667,0.111,0.111,0.111,1.143,4.571,4.857,0.429,0.571,0.0,0.714,1.571,12.57,196,6,1,1,7,9,8,1,1,32,34,3,4,0,5,11,3,13,73,
5.83,31.67,23.87,32.0,22.4,26.67,16.0,1.667,1.111,0.667,0.111,0.556,0.6,0.1,0.5,0.3,1.5,2.0,4.5,0.5,1.5,0.167,0.167,2.833,5.17,160,6,1,5,6,10,9,1,3,12,27,3,9,1,1,17,3,9,52,
5.8,30.22,23.6,28.44,21.44,25.6,13.474,1.9,1.0,0.211,0.105,0.263,0.211,0.105,0.263,0.211,1.9,3.3,4.4,0.4,0.6,0.0,0.6,2.9,7.6,256,4,2,5,10,19,19,0,4,33,44,4,6,0,6,29,3,10,87,
4.57,21.4,16.16,21.92,17.08,18.5,9.25,2.0,1.0,0.107,0.036,0.321,0.107,0.036,0.321,0.143,2.0,1.357,2.214,0.286,0.929,0.0,0.214,2.571,5.43,259,3,1,9,14,28,28,0,4,19,31,4,13,0,3,36,2,7,67,
5.11,19.92,14.99,19.88,14.71,16.28,9.767,1.667,1.034,0.172,0.207,0.207,0.167,0.2,0.2,0.333,1.611,1.833,1.667,0.167,0.833,0.056,0.333,2.278,3.44,293,5,6,6,18,30,29,1,10,33,30,3,15,1,6,41,2,10,82,
5.18,23.41,17.57,22.44,16.81,19.29,12.148,1.588,1.0,0.222,0.0,0.37,0.222,0.0,0.37,0.333,1.588,1.588,2.412,0.235,1.294,0.118,0.294,3.0,4.82,328,6,0,10,17,27,27,0,9,27,41,4,22,2,5,51,3,9,96,
3.26,12.44,9.32,12.33,9.22,11.16,7.852,1.421,1.0,0.185,0.0,0.037,0.185,0.0,0.037,0.148,1.421,1.053,1.158,0.263,0.579,0.0,0.105,1.053,3.53,212,5,0,1,19,27,27,0,4,20,22,5,11,0,2,20,2,5,58,
5.4,33.96,26.67,32.11,24.89,26.2,10.917,2.4,1.0,0.125,0.125,0.333,0.125,0.125,0.333,0.25,2.4,3.3,3.9,0.0,2.2,0.0,0.0,2.9,10.8,262,3,3,8,10,24,24,0,6,33,39,0,22,0,0,29,3,10,94,
5.36,24.15,18.47,25.08,19.23,20.57,11.077,1.857,1.0,0.269,0.115,0.269,0.269,0.115,0.269,0.308,1.857,2.214,2.929,0.286,1.5,0.071,0.286,2.286,6.93,288,7,3,7,14,26,26,0,8,31,41,4,21,1,4,32,3,9,98,
4.38,19.36,14.68,20.07,15.07,16.25,7.879,2.062,1.0,0.152,0.0,0.242,0.152,0.0,0.242,0.121,2.062,1.625,1.812,0.125,1.0,0.0,0.312,1.688,5.75,260,5,0,8,16,33,33,0,4,26,29,2,16,0,5,27,2,7,73,
4.56,22.09,16.0,22.4,16.27,19.19,10.964,1.75,1.037,0.222,0.037,0.407,0.214,0.036,0.393,0.321,1.688,1.562,2.812,0.188,1.188,0.0,0.312,2.438,6.19,307,6,1,11,16,28,27,1,9,25,45,3,19,0,5,39,2,6,92,
7.9,37.53,27.69,37.89,28.0,31.6,17.556,1.8,1.059,0.529,0.059,0.529,0.5,0.056,0.5,0.611,1.7,3.1,4.6,0.6,2.8,0.0,0.5,4.2,6.1,316,9,1,9,10,18,17,1,11,31,46,6,28,0,5,42,5,16,111,
5.5,29.23,22.52,31.23,23.46,23.07,9.229,2.5,1.0,0.057,0.2,0.257,0.057,0.2,0.257,0.229,2.5,2.5,3.071,1.357,1.357,0.071,0.214,2.571,8.07,323,2,7,9,14,35,35,0,8,35,43,19,19,1,3,36,2,11,117,
5.36,27.93,20.91,28.0,20.31,23.07,10.419,2.214,1.033,0.1,0.167,0.233,0.097,0.161,0.226,0.194,2.143,2.429,2.857,0.214,1.357,0.0,0.214,2.429,5,323,3,5,7,14,31,30,1,6,34,40,3,19,0,3,34,2,9,96,
5.5,22.29,16.33,21.91,15.73,19.33,11.6,1.667,1.0,0.25,0.05,0.35,0.25,0.05,0.35,0.35,1.667,2.0,2.833,0.417,1.417,0.0,0.5,2.417,4.58,232,5,1,7,12,20,20,0,7,24,34,5,17,0,6,29,4,11,80,
6.27,28.24,22.16,27.5,20.8,21.91,10.478,2.091,1.095,0.381,0.381,0.476,0.348,0.348,0.435,0.217,1.909,2.364,2.455,0.364,1.273,0.0,0.364,3.182,3.73,241,8,8,10,11,23,21,2,5,26,27,4,14,0,4,35,1,15,71,
4.18,17.72,13.32,18.19,13.44,15,8.226,1.824,1.0,0.097,0.097,0.097,0.097,0.097,0.097,0.065,1.824,2.0,1.824,0.353,0.588,0.0,0.294,1.471,3.94,255,3,3,3,17,31,31,0,2,34,31,6,10,0,5,25,3,7,81,
5.32,22.45,16.37,22.83,16.78,19.11,8.854,2.158,1.025,0.1,0.075,0.2,0.098,0.073,0.195,0.244,2.105,2.263,2.211,0.368,1.368,0.053,0.158,2.368,4.58,363,4,3,8,19,41,40,1,10,43,42,7,26,1,3,45,2,9,119,
5.5,31.51,23.78,30.67,23.0,26.2,10.917,2.4,1.043,0.174,0.174,0.348,0.167,0.167,0.333,0.125,2.3,2.9,3.3,0.8,1.6,0.1,0.6,2.3,8.3,262,4,4,8,10,24,23,1,3,29,33,8,16,1,6,23,3,9,87,
4.69,22.12,17.64,20.42,16.5,17.23,8.296,2.077,1.0,0.037,0.259,0.111,0.037,0.259,0.111,0.222,2.077,2.231,1.769,0.308,1.154,0.0,0.154,1.846,4.15,224,1,7,3,13,27,27,0,6,29,23,4,15,0,2,24,1,8,71,
3.8,17.62,13.5,17.0,12.84,15.5,8.378,1.85,1.057,0.057,0.057,0.257,0.054,0.054,0.243,0.108,1.75,1.7,1.7,0.25,0.8,0.0,0.1,1.15,4.2,310,2,2,9,20,37,35,2,4,34,34,5,16,0,2,23,2,6,89,
5.14,22.56,16.3,22.77,15.77,19.5,13.65,1.429,1.0,0.3,0.1,0.25,0.3,0.1,0.25,0.5,1.429,2.5,2.5,0.214,1.429,0.071,0.429,2.286,6.43,273,6,2,5,14,20,20,0,10,35,35,3,20,1,6,32,2,9,94,
5.55,36.84,29.11,39.4,31.1,27.18,12.458,2.182,1.0,0.292,0.125,0.25,0.292,0.125,0.25,0.417,2.182,2.909,3.636,0.364,1.455,0.091,0.182,3.182,5,299,7,3,6,11,24,24,0,10,32,40,4,16,1,2,35,2,11,93,
5.14,20.14,16.33,19.83,15.67,19.57,11.417,1.714,1.0,0.0,0.083,0.25,0.0,0.083,0.25,0.25,1.714,2.714,3.143,0.0,0.857,0.0,0.0,1.571,5.86,137,0,1,3,7,12,12,0,3,19,22,0,6,0,0,11,3,7,47,
4.6,28.4,21.9,30.0,22.0,23.8,11.9,2.0,1.0,0.0,0.1,0.1,0.0,0.1,0.1,0.2,2.0,3.8,3.8,0.4,0.6,0.0,0.0,0.8,9,119,0,1,1,5,10,10,0,2,19,19,2,3,0,0,4,3,6,43,
5.0,21.93,17.04,21.71,17.14,16.88,9.0,1.875,1.0,0.067,0.267,0.0,0.067,0.267,0.0,0.133,1.875,2.375,2.75,0.375,0.25,0.0,0.0,1.125,6.38,135,1,4,0,8,15,15,0,2,19,22,3,2,0,0,9,2,8,46,
4.09,23.49,18.35,20.0,14.5,18.55,14.571,1.273,1.0,0.143,0.143,0.143,0.143,0.143,0.143,0.214,1.273,2.182,3.909,0.818,0.364,0.0,0.182,1.455,7,204,2,2,2,11,14,14,0,3,24,43,9,4,0,2,16,2,8,80,
3.86,15.04,12.85,14.77,12.92,12.07,8.45,1.429,1.0,0.1,0.1,0.1,0.1,0.1,0.1,0.15,1.429,1.143,1.929,0.071,0.429,0.0,0.071,1.143,4.71,169,2,2,2,14,20,20,0,3,16,27,1,6,0,1,16,2,8,50,
5.25,28.79,24.68,30.29,26.29,24.38,13.929,1.75,1.0,0.429,0.0,0.071,0.429,0.0,0.071,0.286,1.75,2.5,4.0,0.375,0.5,0.125,0.0,1.875,8.12,195,6,0,1,8,14,14,0,4,20,32,3,4,1,0,15,3,8,60,
2.67,11.21,8.64,10.5,8.43,9.87,8.706,1.133,1.0,0.118,0.0,0.0,0.118,0.0,0.0,0.0,1.133,1.4,1.4,0.6,0.0,0.0,0.0,0.6,3.4,148,2,0,0,15,17,17,0,0,21,21,9,0,0,0,9,1,5,51,
3.62,20.39,15.89,18.29,13.43,16.88,12.273,1.375,1.0,0.0,0.0,0.091,0.0,0.0,0.091,0.091,1.375,1.875,3.875,0.125,0.0,0.0,0.0,1.125,7.88,135,0,0,1,8,11,11,0,1,15,31,1,0,0,0,9,3,5,47,
3.85,17.97,14.21,17.58,14.17,14.77,14.769,1.0,1.0,0.385,0.0,0.0,0.385,0.0,0.0,0.308,1.0,1.308,2.769,0.231,0.538,0.077,0.0,1.385,3.92,192,5,0,0,13,13,13,0,4,17,36,3,7,1,0,18,2,8,64,
4.78,20.86,15.86,21.5,16.5,17,12.75,1.333,1.0,0.167,0.083,0.083,0.167,0.083,0.083,0.25,1.333,2.444,3.333,0.222,0.222,0.111,0.222,1.333,4.22,153,2,1,1,9,12,12,0,3,22,30,2,2,1,2,12,2,9,57,
5.5,29.0,22.11,26.0,18.86,23.12,8.81,2.625,1.0,0.048,0.095,0.143,0.048,0.095,0.143,0.238,2.625,3.125,2.375,0.625,1.375,0.0,0.375,2.875,3.88,185,1,2,3,8,21,21,0,5,25,19,5,11,0,3,23,3,8,60,
3.05,12.31,9.56,12.33,9.5,8.79,7.591,1.158,1.048,0.048,0.048,0.19,0.045,0.045,0.182,0.0,1.105,1.0,1.211,0.211,0.526,0.0,0.158,0.789,3.37,167,1,1,4,19,22,21,1,0,19,23,4,10,0,3,15,1,7,56,
3.56,16.39,12.69,16.0,12.75,12.11,8.385,1.444,1.0,0.154,0.077,0.077,0.154,0.077,0.077,0.154,1.444,1.444,1.556,0.111,0.222,0.0,0.0,1.222,3.78,109,2,1,1,9,13,13,0,2,13,14,1,2,0,0,11,1,8,30,
3.21,13.77,11.21,14.08,12.08,11.07,8.611,1.286,1.059,0.0,0.118,0.118,0.0,0.111,0.111,0.222,1.214,0.786,1.286,0.643,0.5,0.0,0.071,0.714,4.14,155,0,2,2,14,18,17,1,4,11,18,9,7,0,1,10,1,7,45,
4.14,19.0,14.71,16.33,12.17,14.14,9.9,1.429,1.111,0.111,0.222,0.333,0.1,0.2,0.3,0.4,1.286,0.571,1.714,0.429,0.857,0.143,0.0,1.571,4.29,99,1,2,3,7,10,9,1,4,4,12,3,6,1,0,11,1,7,26,
3.75,13.0,11.17,13.0,10.33,11.25,6.429,1.75,1.167,0.0,0.167,0.5,0.0,0.143,0.429,0.0,1.5,1.0,1.0,0.0,0.75,0.0,0.0,1.5,3,45,0,1,3,4,7,6,1,0,4,4,0,3,0,0,6,1,6,11,
5.33,33.0,22.0,32.0,20.5,29.67,9.889,3.0,1.0,0.0,0.111,0.667,0.0,0.111,0.667,0.222,3.0,2.0,4.667,0.0,2.667,0.0,0.0,4.333,11.33,89,0,1,6,3,9,9,0,2,6,14,0,8,0,0,13,4,7,28,
