1.txt,0.40136,0.25424,0.0,0.0,0.0,0.63265,0.08844,0.04082,0.2381,67,0.45578,3.90752,5.52607,0.84255,0,0.72676,0.64407,0.8,6.4,1.78885,0.13559,0.38983,0.0678,0.0678,0.13559,
2.txt,0.44541,0.19608,0.0,0.0,0.0,0.63319,0.12227,0.04367,0.20087,93,0.40611,4.3456,6.14561,0.83416,0,0.74433,0.54902,0.45,4.05,1.42302,0.08824,0.26471,0.11765,0.12745,0.2451,
3.txt,0.44762,0.16489,0.05882,0.24254,0.11765,0.69762,0.09286,0.03571,0.17381,177,0.42143,6.10708,8.63672,0.85694,0,0.79219,0.68617,0.76471,19.88235,3.15296,0.1383,0.25,0.20213,0.12234,0.32447,
4.txt,0.43155,0.17931,0.08824,0.3638,0.26471,0.72024,0.06845,0.03571,0.1756,150,0.44643,5.78638,8.18317,0.86136,0,0.78804,0.77241,0.88235,26.47059,3.63803,0.2069,0.35172,0.10345,0.12414,0.22759,
5.txt,0.40306,0.20253,0.21429,0.56695,0.64286,0.64796,0.11735,0.07143,0.16327,87,0.44388,4.39416,6.21429,0.84612,0,0.75515,0.64557,0.85714,10.28571,2.26779,0.1519,0.32911,0.11392,0.07595,0.18987,
6.txt,0.37872,0.14607,0.0625,0.17678,0.0625,0.62553,0.14043,0.06383,0.17021,83,0.35319,3.8285,5.41432,0.80937,0,0.68687,0.55056,0.625,6.25,1.76777,0.11236,0.25843,0.1236,0.08989,0.21348,
7.txt,0.40058,0.20144,0.13333,0.5164,0.53333,0.65418,0.12392,0.04611,0.17579,134,0.38617,5.08657,7.1935,0.83733,0,0.77715,0.57554,0.6,10.8,2.32379,0.1295,0.32374,0.08633,0.05755,0.14388,
8.txt,0.46867,0.14439,0.075,0.33541,0.225,0.70175,0.09273,0.02506,0.18045,186,0.46617,6.58433,9.31165,0.87256,0,0.82258,0.77005,0.775,24.025,3.46591,0.16578,0.36364,0.13904,0.10695,0.24599,
9.txt,0.40588,0.21739,0.0,0.0,0.0,0.61176,0.10588,0.04118,0.24118,73,0.42941,3.95898,5.59884,0.8354,0,0.69508,0.63768,0.7,4.9,1.56525,0.10145,0.27536,0.10145,0.18841,0.28986,
10.txt,0.40557,0.25954,0.37931,1.44437,4.17241,0.5356,0.08669,0.03715,0.34056,165,0.51084,6.49184,9.18085,0.88374,0,0.80526,0.84733,0.93103,25.13793,3.54527,0.20611,0.35878,0.16794,0.1374,0.30534,
11.txt,0.42077,0.28571,0.05556,0.16667,0.05556,0.53552,0.14208,0.06011,0.2623,74,0.40437,3.86804,5.47024,0.8262,0,0.75327,0.54545,0.66667,8.0,2.0,0.15584,0.24675,0.09091,0.07792,0.16883,
12.txt,0.3615,0.15584,0.09091,0.2132,0.09091,0.65728,0.08451,0.03756,0.22066,90,0.42254,4.36051,6.1667,0.83931,0,0.74756,0.57143,0.72727,5.81818,1.70561,0.1039,0.2987,0.11688,0.06494,0.18182,
13.txt,0.39655,0.16522,0.0,0.0,0.0,0.74828,0.06552,0.02069,0.16552,135,0.46552,5.60557,7.92747,0.86515,0,0.811,0.74783,0.76471,19.88235,3.15296,0.22609,0.28696,0.13043,0.11304,0.24348,
14.txt,0.344,0.09302,0.0625,0.17678,0.0625,0.644,0.068,0.02,0.268,117,0.468,5.2324,7.39973,0.86248,0,0.78136,0.67442,0.6875,7.5625,1.94454,0.12791,0.30233,0.10465,0.13953,0.24419,
15.txt,0.45435,0.08612,0.04444,0.21082,0.08889,0.73261,0.08696,0.03696,0.14348,196,0.42609,6.46193,9.13855,0.86086,0,0.82559,0.67943,0.68889,21.35556,3.26769,0.14833,0.29187,0.16268,0.10048,0.26316,
16.txt,0.33613,0.15,0.05263,0.16222,0.05263,0.60504,0.06723,0.05462,0.27311,109,0.45798,4.99601,7.06542,0.85729,0,0.78785,0.75,0.73684,10.31579,2.2711,0.175,0.35,0.1625,0.0875,0.25,
17.txt,0.45,0.03968,0.03125,0.125,0.03125,0.76429,0.09643,0.02857,0.11071,131,0.46786,5.53576,7.82875,0.8652,0,0.81966,0.69048,0.6875,15.125,2.75,0.1746,0.31746,0.11905,0.09524,0.21429,
18.txt,0.38068,0.1791,0.0,0.0,0.0,0.68182,0.02841,0.02273,0.26705,90,0.51136,4.79702,6.78401,0.87029,0,0.80019,0.73134,0.85714,10.28571,2.26779,0.1791,0.28358,0.16418,0.1194,0.28358,
19.txt,0.43087,0.07463,0.06977,0.3235,0.2093,0.80707,0.07717,0.01929,0.09646,141,0.45338,5.65358,7.99538,0.86218,0,0.83335,0.68657,0.5814,14.53488,2.69582,0.18657,0.29104,0.14179,0.09701,0.23881,
20.txt,0.3615,0.11688,0.0,0.0,0.0,0.66667,0.04695,0.0,0.28638,84,0.39437,4.06981,5.75559,0.82645,0,0.75317,0.53247,0.7,4.9,1.56525,0.09091,0.22078,0.16883,0.06494,0.23377,
21.txt,0.41896,0.05109,0.0,0.0,0.0,0.8104,0.09786,0.02446,0.06728,129,0.3945,5.0443,7.13372,0.83935,0,0.81095,0.63504,0.64444,18.68889,3.05687,0.21168,0.19708,0.11679,0.11679,0.23358,
22.txt,0.35547,0.13187,0.07143,0.18898,0.07143,0.61719,0.08203,0.01172,0.28906,95,0.37109,4.19845,5.9375,0.82123,0,0.74381,0.6044,0.78571,8.64286,2.0788,0.12088,0.1978,0.18681,0.12088,0.30769,
23.txt,0.41925,0.08889,0.03846,0.13868,0.03846,0.77019,0.10248,0.0559,0.07143,138,0.42857,5.43796,7.69044,0.85327,0,0.80899,0.65926,0.65385,11.11538,2.35748,0.12593,0.28148,0.16296,0.1037,0.26667,
24.txt,0.46083,0.115,0.12281,0.65561,0.85965,0.74885,0.09908,0.06452,0.08756,179,0.41244,6.07566,8.59227,0.85417,0,0.8283,0.665,0.7193,29.49123,3.84,0.205,0.25,0.13,0.085,0.215,
25.txt,0.36723,0.2,0.16667,0.40825,0.33333,0.59887,0.03955,0.0339,0.32768,78,0.44068,4.14565,5.86284,0.84169,0,0.74018,0.63077,0.75,6.75,1.83712,0.13846,0.27692,0.18462,0.04615,0.23077,
26.txt,0.37788,0.10976,0.14286,0.37796,0.28571,0.66359,0.09217,0.04608,0.19816,93,0.42857,4.46414,6.31325,0.84251,0,0.75945,0.63415,0.71429,7.14286,1.88982,0.12195,0.30488,0.14634,0.07317,0.21951,
27.txt,0.44444,0.11184,0.05405,0.2325,0.10811,0.75439,0.10819,0.04678,0.09064,155,0.45322,5.92657,8.38144,0.86437,0,0.83276,0.74342,0.75676,21.18919,3.25493,0.18421,0.29605,0.19079,0.09211,0.28289,
28.txt,0.39925,0.15888,0.0,0.0,0.0,0.62313,0.04478,0.01866,0.31343,124,0.46269,5.35598,7.57451,0.86215,0,0.81428,0.65421,0.78571,8.64286,2.0788,0.1028,0.25234,0.17757,0.16822,0.34579,
29.txt,0.40155,0.10323,0.05263,0.22942,0.10526,0.79793,0.09067,0.04404,0.06736,153,0.39637,5.50659,7.78749,0.84462,0,0.80948,0.67742,0.76316,22.13158,3.32653,0.1871,0.23871,0.13548,0.12258,0.25806,
30.txt,0.37234,0.17143,0.18182,0.4264,0.36364,0.55851,0.05851,0.03191,0.35106,87,0.46277,4.48668,6.34513,0.85285,0,0.77944,0.64286,0.81818,7.36364,1.91881,0.12857,0.27143,0.17143,0.08571,0.25714,
31.txt,0.38636,0.07563,0.05882,0.24254,0.11765,0.78247,0.09091,0.01948,0.10714,127,0.41234,5.11698,7.2365,0.84539,0,0.82093,0.70588,0.61765,12.97059,2.54662,0.17647,0.30252,0.16807,0.06723,0.23529,
32.txt,0.37017,0.1194,0.0,0.0,0.0,0.61878,0.04972,0.0221,0.30939,84,0.46409,4.41494,6.24367,0.85233,0,0.77137,0.62687,0.8,6.4,1.78885,0.1194,0.28358,0.16418,0.10448,0.26866,
33.txt,0.39871,0.03226,0.02381,0.10911,0.02381,0.81672,0.09968,0.00965,0.07395,125,0.40193,5.01204,7.0881,0.8412,0,0.78815,0.68548,0.66667,18.66667,3.05505,0.22581,0.25806,0.09677,0.10484,0.20161,
34.txt,0.32065,0.11864,0.0,0.0,0.0,0.63043,0.05978,0.02174,0.28804,79,0.42935,4.11816,5.82396,0.83787,0,0.74819,0.69492,0.76923,7.69231,1.96116,0.16949,0.30508,0.15254,0.0678,0.22034,
35.txt,0.42275,0.07614,0.05,0.27386,0.15,0.80901,0.08369,0.03219,0.07511,169,0.36266,5.53578,7.82877,0.83492,0,0.82805,0.60406,0.61667,22.81667,3.37762,0.18782,0.2335,0.12183,0.09137,0.2132,
36.txt,0.38023,0.09,0.0,0.0,0.0,0.65779,0.08745,0.04563,0.20913,119,0.45247,5.18865,7.33785,0.85768,0,0.79246,0.68,0.66667,9.33333,2.16025,0.14,0.32,0.18,0.06,0.24,
37.txt,0.43243,0.04545,0.0566,0.29139,0.16981,0.76413,0.06634,0.02703,0.14251,163,0.40049,5.71315,8.07961,0.84771,0,0.83757,0.67045,0.56604,16.98113,2.91386,0.17045,0.28409,0.125,0.10227,0.22727,
38.txt,0.35176,0.11429,0.0,0.0,0.0,0.56784,0.06533,0.0201,0.34673,84,0.42211,4.21054,5.9546,0.83706,0,0.7585,0.65714,0.76923,7.69231,1.96116,0.14286,0.3,0.15714,0.07143,0.22857,
39.txt,0.3952,0.12707,0.04762,0.21822,0.09524,0.65939,0.05677,0.03712,0.24672,182,0.39738,6.01345,8.5043,0.84937,0,0.82369,0.62983,0.71429,21.42857,3.27327,0.16575,0.27072,0.1326,0.07735,0.20994,
40.txt,0.33544,0.11321,0.0,0.0,0.0,0.59494,0.06962,0.02532,0.31013,67,0.42405,3.76904,5.33023,0.83054,0,0.71279,0.62264,0.7,4.9,1.56525,0.13208,0.26415,0.18868,0.07547,0.26415,
41.txt,0.39842,0.05298,0.04348,0.20851,0.08696,0.84169,0.10026,0.01847,0.03958,143,0.37731,5.19399,7.34542,0.83584,0,0.81832,0.62914,0.58696,15.84783,2.81494,0.17881,0.25166,0.1457,0.08609,0.23179,
42.txt,0.35714,0.23077,0.05556,0.16667,0.05556,0.62637,0.08791,0.02747,0.25824,89,0.48901,4.66487,6.59712,0.86253,0,0.77864,0.70769,0.66667,8.0,2.0,0.18462,0.27692,0.13846,0.10769,0.24615,
43.txt,0.43415,0.05618,0.0,0.0,0.0,0.6878,0.05366,0.0439,0.21463,100,0.4878,4.93865,6.9843,0.86514,0,0.79507,0.77528,0.72727,5.81818,1.70561,0.08989,0.26966,0.23596,0.20225,0.4382,
44.txt,0.48475,0.09091,0.10811,0.46499,0.43243,0.7661,0.10508,0.03051,0.09831,134,0.45424,5.51669,7.80178,0.86124,0,0.83776,0.64336,0.7027,18.27027,3.02244,0.18182,0.23077,0.14685,0.12587,0.27273,
45.txt,0.43066,0.14407,0.0,0.0,0.0,0.61679,0.06204,0.0219,0.29927,126,0.45985,5.38245,7.61194,0.8616,0,0.80122,0.66949,0.76471,9.94118,2.22948,0.11017,0.27119,0.13559,0.15254,0.28814,
46.txt,0.42458,0.11184,0.05714,0.23905,0.11429,0.73743,0.08101,0.04749,0.13408,146,0.40782,5.45628,7.71634,0.84748,0,0.81801,0.66447,0.74286,19.31429,3.10759,0.17105,0.25,0.15132,0.11842,0.26974,
47.txt,0.415,0.14458,0.15385,0.39223,0.30769,0.605,0.08,0.03,0.285,99,0.495,4.95,7.00036,0.86728,0,0.792,0.63855,0.84615,9.30769,2.15728,0.13253,0.25301,0.19277,0.09639,0.28916,
48.txt,0.41714,0.08904,0.11765,0.59409,0.70588,0.78857,0.08,0.02857,0.10286,145,0.41429,5.48048,7.75058,0.84957,0,0.79269,0.71233,0.68627,24.01961,3.46552,0.23973,0.26712,0.09589,0.12329,0.21918,
49.txt,0.45794,0.14286,0.06061,0.24618,0.12121,0.7134,0.08411,0.00935,0.19315,163,0.50779,6.4331,9.09777,0.88258,0,0.82065,0.79592,0.81818,22.09091,3.32347,0.18367,0.36735,0.14286,0.12245,0.26531,
50.txt,0.42667,0.1375,0.06122,0.30305,0.18367,0.75733,0.06133,0.016,0.16533,150,0.4,5.47723,7.74597,0.8454,0,0.80159,0.66875,0.7551,27.93878,3.73756,0.23125,0.25625,0.11875,0.08125,0.2,
51.txt,0.44762,0.16489,0.05882,0.24254,0.11765,0.69762,0.09286,0.03571,0.17381,177,0.42143,6.10708,8.63672,0.85694,0,0.79219,0.68617,0.76471,19.88235,3.15296,0.1383,0.25,0.20213,0.12234,0.32447,
52.txt,0.43137,0.12879,0.06452,0.254,0.12903,0.76797,0.04575,0.02614,0.16013,139,0.45425,5.61874,7.9461,0.86213,0,0.81264,0.7197,0.87097,23.51613,3.429,0.20455,0.32576,0.12121,0.09091,0.21212,
53.txt,0.43377,0.16794,0.03226,0.127,0.03226,0.73179,0.06623,0.03311,0.16887,130,0.43046,5.28962,7.48066,0.85239,0,0.79318,0.66412,0.70968,15.6129,2.794,0.16794,0.25191,0.12214,0.12977,0.25191,
54.txt,0.42484,0.18462,0.08,0.28284,0.16,0.71569,0.03922,0.01307,0.23203,128,0.4183,5.17409,7.31727,0.84773,0,0.79742,0.66923,0.72,12.96,2.54558,0.13846,0.26923,0.15385,0.13077,0.28462,
56.txt,0.48402,0.14151,0.09524,0.30861,0.19048,0.61644,0.10959,0.0274,0.24658,138,0.63014,6.5939,9.32518,0.9143,0,0.84167,0.89623,0.95238,19.04762,3.08607,0.18868,0.43396,0.17925,0.11321,0.29245,
57.txt,0.43662,0.10484,0.08824,0.3638,0.26471,0.75,0.11268,0.03169,0.10563,124,0.43662,5.20292,7.35805,0.8533,0,0.78918,0.73387,0.76471,19.88235,3.15296,0.20968,0.3629,0.10484,0.06452,0.16935,
58.txt,0.51361,0.2053,0.08696,0.29488,0.17391,0.61224,0.12585,0.04422,0.21769,150,0.5102,6.1859,8.74818,0.8816,0,0.795,0.76159,0.91304,19.17391,3.09628,0.13907,0.39735,0.19205,0.04636,0.23841,
59.txt,0.45865,0.13934,0.03333,0.1291,0.03333,0.69173,0.09398,0.0188,0.19549,123,0.46241,5.33273,7.54161,0.86186,0,0.81393,0.68852,0.76667,17.63333,2.96929,0.18852,0.27869,0.13115,0.11475,0.2459,
60.txt,0.46367,0.1194,0.13043,0.44233,0.3913,0.74394,0.11073,0.02422,0.12111,126,0.43599,5.24091,7.41176,0.8535,0,0.80333,0.64179,0.95652,21.04348,3.24372,0.16418,0.23881,0.1194,0.13433,0.25373,
61.txt,0.47399,0.16463,0.15909,0.7462,1.11364,0.67919,0.08671,0.03757,0.19653,153,0.4422,5.81619,8.22533,0.86043,0,0.81862,0.66463,0.77273,26.27273,3.62441,0.20732,0.26829,0.09146,0.10976,0.20122,
62.txt,0.45797,0.09494,0.11429,0.47809,0.45714,0.74783,0.12174,0.02609,0.10435,154,0.44638,5.86268,8.29108,0.86197,0,0.80403,0.6962,0.85714,25.71429,3.58569,0.18987,0.32911,0.09494,0.08861,0.18354,
63.txt,0.46104,0.21127,0.14286,0.53452,0.57143,0.67532,0.07792,0.02922,0.21753,154,0.5,6.20484,8.77496,0.87903,0,0.84621,0.76761,0.82143,18.89286,3.0735,0.16197,0.29577,0.16901,0.14789,0.3169,
64.txt,0.45201,0.08904,0.02439,0.11043,0.02439,0.77399,0.12074,0.03096,0.0743,148,0.4582,5.82298,8.23494,0.86492,0,0.83824,0.69863,0.78049,24.97561,3.53381,0.21918,0.28767,0.10274,0.11644,0.21918,
65.txt,0.48377,0.08725,0.03125,0.125,0.03125,0.71753,0.14935,0.03896,0.09416,145,0.47078,5.84222,8.26214,0.86852,0,0.82233,0.71812,0.84375,22.78125,3.375,0.18121,0.25503,0.14765,0.13423,0.28188,
66.txt,0.46131,0.09677,0.15152,0.61546,0.75758,0.72024,0.09226,0.01786,0.16964,157,0.46726,6.05641,8.56505,0.8692,0,0.82864,0.69032,0.81818,22.09091,3.32347,0.17419,0.31613,0.10323,0.11613,0.21935,
67.txt,0.47534,0.12264,0.07692,0.27735,0.15385,0.68161,0.10762,0.03139,0.17937,112,0.50224,5.30335,7.50007,0.87264,0,0.82313,0.70755,0.88462,20.34615,3.18953,0.21698,0.26415,0.12264,0.13208,0.25472,
68.txt,0.47692,0.07258,0.13889,0.58926,0.69444,0.71538,0.10385,0.02692,0.15385,123,0.47308,5.39391,7.62814,0.86539,0,0.80737,0.67742,0.88889,28.44444,3.77124,0.25806,0.25806,0.09677,0.07258,0.16935,
69.txt,0.46714,0.11407,0.10345,0.55709,0.62069,0.72469,0.13321,0.04085,0.10124,213,0.37833,6.34761,8.97688,0.84653,0,0.83194,0.60456,0.7931,36.48276,4.27099,0.1749,0.26616,0.14068,0.05703,0.19772,
70.txt,0.47015,0.09524,0.05882,0.24254,0.11765,0.71269,0.1194,0.02239,0.14552,138,0.51493,5.96069,8.42969,0.88129,0,0.82891,0.78571,0.70588,16.94118,2.91043,0.19048,0.30952,0.15873,0.12698,0.28571,
71.txt,0.50923,0.15942,0.04762,0.1543,0.04762,0.69742,0.09963,0.04059,0.16236,125,0.46125,5.36921,7.59321,0.86187,0,0.81968,0.65217,0.71429,10.71429,2.31455,0.1087,0.27536,0.17391,0.1087,0.28261,
72.txt,0.44573,0.19171,0.15217,0.7298,1.06522,0.67898,0.11316,0.02309,0.18476,210,0.48499,7.13609,10.09196,0.8808,0,0.85709,0.79275,0.82609,31.3913,3.96177,0.19689,0.38342,0.14508,0.07772,0.2228,
73.txt,0.38554,0.1875,0.22222,0.4714,0.44444,0.59036,0.08434,0.03614,0.28916,93,0.56024,5.10404,7.2182,0.88666,0,0.80866,0.78125,1.0,9.0,2.12132,0.14062,0.35938,0.15625,0.14062,0.29688,
74.txt,0.38961,0.18889,0.21429,0.56695,0.64286,0.54113,0.06926,0.05628,0.33333,106,0.45887,4.93157,6.97429,0.85687,0,0.78243,0.61111,0.92857,12.07143,2.45677,0.14444,0.24444,0.1,0.13333,0.23333,
75.txt,0.39884,0.10145,0.06667,0.18257,0.06667,0.67052,0.07514,0.01734,0.23699,100,0.57803,5.37603,7.60286,0.89364,0,0.83285,0.84058,0.93333,13.06667,2.55604,0.2029,0.3913,0.17391,0.10145,0.27536,
76.txt,0.44805,0.07246,0.0,0.0,0.0,0.5974,0.1039,0.05844,0.24026,71,0.46104,4.0456,5.72134,0.84628,0,0.73037,0.62319,0.66667,5.33333,1.63299,0.11594,0.31884,0.14493,0.05797,0.2029,
77.txt,0.33143,0.2069,0.25,0.5,0.5,0.49714,0.07429,0.06857,0.36,81,0.46286,4.32963,6.12302,0.85085,0,0.76213,0.68966,1.0,8.0,2.0,0.13793,0.2931,0.17241,0.12069,0.2931,
78.txt,0.40217,0.12162,0.17647,0.5145,0.52941,0.59783,0.09239,0.04891,0.26087,83,0.45109,4.32667,6.11884,0.84734,0,0.77182,0.64865,0.76471,9.94118,2.22948,0.17568,0.25676,0.16216,0.08108,0.24324,
79.txt,0.35882,0.14754,0.07143,0.18898,0.07143,0.65882,0.08235,0.02353,0.23529,88,0.51765,4.77247,6.74929,0.87179,0,0.80938,0.72131,0.64286,5.78571,1.70084,0.14754,0.34426,0.16393,0.06557,0.22951,
80.txt,0.38342,0.12162,0.0,0.0,0.0,0.63212,0.09845,0.05181,0.21762,102,0.5285,5.19166,7.34212,0.87882,0,0.82797,0.68919,0.84615,9.30769,2.15728,0.14865,0.32432,0.13514,0.09459,0.22973,
81.txt,0.38835,0.15,0.05882,0.1715,0.05882,0.6165,0.1068,0.02427,0.25243,94,0.45631,4.63105,6.54929,0.85274,0,0.76126,0.65,0.94118,15.05882,2.74398,0.2,0.25,0.1625,0.0625,0.225,
82.txt,0.38009,0.14286,0.06667,0.18257,0.06667,0.62896,0.09955,0.04525,0.22624,109,0.49321,5.1846,7.33213,0.86906,0,0.79466,0.75,1.0,15.0,2.73861,0.17857,0.32143,0.14286,0.13095,0.27381,
83.txt,0.4375,0.13265,0.05556,0.16667,0.05556,0.62054,0.08929,0.04911,0.24107,108,0.48214,5.10252,7.21605,0.8652,0,0.76784,0.69388,0.77778,10.88889,2.33333,0.14286,0.33673,0.07143,0.16327,0.23469,
84.txt,0.41667,0.10667,0.0625,0.17678,0.0625,0.55,0.10556,0.05556,0.28889,89,0.49444,4.69071,6.63367,0.86437,0,0.76635,0.70667,0.9375,14.0625,2.65165,0.2,0.37333,0.12,0.08,0.2,
85.txt,0.35838,0.14516,0.09091,0.2132,0.09091,0.60694,0.08092,0.0289,0.28324,74,0.42775,3.97826,5.62612,0.83521,0,0.73362,0.59677,0.81818,7.36364,1.91881,0.14516,0.24194,0.14516,0.06452,0.20968,
86.txt,0.46358,0.1,0.0,0.0,0.0,0.6755,0.06623,0.0,0.25828,68,0.45033,3.91296,5.53376,0.841,0,0.74956,0.54286,0.88889,7.11111,1.88562,0.11429,0.15714,0.14286,0.14286,0.28571,
87.txt,0.38579,0.09211,0.06667,0.18257,0.06667,0.62944,0.10152,0.03553,0.2335,91,0.46193,4.58451,6.48348,0.85381,0,0.79122,0.60526,0.66667,6.66667,1.82574,0.13158,0.25,0.11842,0.11842,0.23684,
88.txt,0.40594,0.13415,0.13333,0.36515,0.26667,0.68317,0.0396,0.0198,0.25743,101,0.5,5.02494,7.10634,0.86942,0,0.80654,0.68293,0.73333,8.06667,2.00832,0.13415,0.29268,0.13415,0.12195,0.2561,
89.txt,0.39896,0.07792,0.0,0.0,0.0,0.57513,0.07254,0.02591,0.32642,92,0.47668,4.68268,6.6223,0.85922,0,0.76203,0.7013,0.6875,7.5625,1.94454,0.14286,0.38961,0.1039,0.09091,0.19481,
90.txt,0.42945,0.15714,0.18182,0.4264,0.36364,0.65031,0.08589,0.0184,0.2454,79,0.48466,4.37541,6.18776,0.85781,0,0.76176,0.72857,0.72727,5.81818,1.70561,0.11429,0.38571,0.17143,0.1,0.27143,
91.txt,0.3211,0.1,0.05882,0.1715,0.05882,0.61927,0.02294,0.00917,0.34862,90,0.41284,4.31022,6.09557,0.8357,0,0.72217,0.64286,0.52941,4.76471,1.54349,0.12857,0.25714,0.11429,0.14286,0.25714,
92.txt,0.44828,0.12821,0.16667,0.40825,0.33333,0.5977,0.1092,0.02299,0.27011,82,0.47126,4.39566,6.2164,0.85417,0,0.77521,0.58974,0.91667,10.08333,2.24537,0.14103,0.28205,0.11538,0.11538,0.23077,
93.txt,0.42781,0.1125,0.0,0.0,0.0,0.65241,0.09091,0.03743,0.21925,93,0.49733,4.80892,6.80083,0.86647,0,0.78516,0.7375,1.0,11.0,2.34521,0.1375,0.45,0.125,0.075,0.2,
94.txt,0.42623,0.17949,0.0,0.0,0.0,0.65574,0.0765,0.01093,0.25683,83,0.45355,4.33848,6.13554,0.84823,0,0.77059,0.61538,1.0,7.0,1.87083,0.08974,0.32051,0.14103,0.07692,0.21795,
95.txt,0.42222,0.17544,0.23077,0.58835,0.69231,0.57037,0.07407,0.02222,0.33333,85,0.62963,5.17294,7.31564,0.90569,0,0.80451,0.78947,0.84615,9.30769,2.15728,0.19298,0.38596,0.17544,0.07018,0.24561,
96.txt,0.37654,0.13115,0.125,0.25,0.125,0.67284,0.05556,0.03086,0.24074,79,0.48765,4.38889,6.20683,0.85884,0,0.76052,0.65574,1.0,8.0,2.0,0.13115,0.39344,0.13115,0.08197,0.21311,
97.txt,0.44886,0.16456,0.11765,0.343,0.23529,0.60795,0.07386,0.02841,0.28977,85,0.48295,4.53052,6.40712,0.85923,0,0.76921,0.68354,0.88235,13.23529,2.57248,0.18987,0.29114,0.13924,0.08861,0.22785,
98.txt,0.42056,0.11111,0.10526,0.32444,0.21053,0.64486,0.09813,0.03271,0.2243,112,0.52336,5.41372,7.65616,0.87934,0,0.81208,0.78889,0.84211,13.47368,2.59554,0.17778,0.31111,0.17778,0.13333,0.31111,
99.txt,0.40157,0.11765,0.0,0.0,0.0,0.66142,0.03937,0.01575,0.28346,62,0.48819,3.89023,5.50161,0.85198,0,0.7244,0.64706,1.0,7.0,1.87083,0.13725,0.35294,0.11765,0.07843,0.19608,
100.txt,0.39535,0.11765,0.0,0.0,0.0,0.66667,0.06977,0.03101,0.23256,73,0.56589,4.54478,6.42729,0.88284,0,0.81915,0.72549,1.0,10.0,2.23607,0.19608,0.31373,0.19608,0.09804,0.29412,
101.txt,0.39053,0.13636,0.0,0.0,0.0,0.66864,0.06509,0.01183,0.25444,82,0.48521,4.46021,6.30769,0.85903,0,0.76036,0.69697,0.875,6.125,1.75,0.10606,0.37879,0.15152,0.12121,0.27273,
102.txt,0.36232,0.10667,0.07143,0.18898,0.07143,0.65217,0.02899,0.01932,0.29952,84,0.4058,4.12837,5.8384,0.83087,0,0.7651,0.57333,0.57143,4.57143,1.51186,0.10667,0.24,0.10667,0.13333,0.24,
103.txt,0.45583,0.12403,0.13043,0.44233,0.3913,0.68198,0.11307,0.0212,0.18375,151,0.53357,6.347,8.97602,0.88873,0,0.84694,0.7907,0.86957,17.3913,2.94884,0.15504,0.37984,0.18605,0.08527,0.27132,
104.txt,0.46064,0.10127,0.14286,0.65465,0.85714,0.76093,0.10787,0.02041,0.11079,166,0.48397,6.33791,8.96316,0.87568,0,0.85243,0.71519,0.7619,24.38095,3.49149,0.20253,0.32278,0.12025,0.11392,0.23418,
105.txt,0.46231,0.04348,0.01852,0.09623,0.01852,0.78392,0.09045,0.01508,0.11055,166,0.41709,5.88371,8.32083,0.85393,0,0.83792,0.63587,0.55556,16.66667,2.88675,0.16304,0.2337,0.1413,0.1087,0.25,
106.txt,0.44324,0.08537,0.05556,0.16667,0.05556,0.77297,0.04865,0.02162,0.15676,98,0.52973,5.09478,7.2051,0.87829,0,0.83802,0.7561,0.77778,10.88889,2.33333,0.17073,0.28049,0.15854,0.19512,0.35366,
107.txt,0.44686,0.13514,0.11628,0.53916,0.5814,0.69565,0.10628,0.05072,0.14734,175,0.42271,6.08167,8.60078,0.8571,0,0.82478,0.7027,0.74419,23.81395,3.45065,0.17297,0.28108,0.14054,0.13514,0.27568,
108.txt,0.40821,0.09467,0.0,0.0,0.0,0.75121,0.10628,0.02415,0.11836,179,0.43237,6.22068,8.79737,0.86085,0,0.82608,0.73373,0.68421,17.78947,2.9824,0.15385,0.33136,0.17751,0.07101,0.24852,
109.txt,0.44922,0.09565,0.06667,0.2582,0.13333,0.75781,0.06641,0.03125,0.14453,134,0.52344,5.92202,8.375,0.88326,0,0.84404,0.8087,0.8,19.2,3.09839,0.2087,0.36522,0.11304,0.13913,0.25217,
110.txt,0.41812,0.06667,0.05405,0.2325,0.10811,0.78397,0.11847,0.03484,0.06272,138,0.48084,5.76001,8.14588,0.87062,0,0.84534,0.775,0.75676,21.18919,3.25493,0.23333,0.31667,0.14167,0.09167,0.23333,
111.txt,0.48171,0.10759,0.02083,0.10206,0.02083,0.70122,0.12805,0.02134,0.14939,157,0.47866,6.12982,8.66887,0.87282,0,0.84084,0.74051,0.75,27.0,3.67423,0.22785,0.36076,0.08228,0.07595,0.15823,
112.txt,0.45559,0.08805,0.02778,0.11785,0.02778,0.70201,0.12607,0.03725,0.13467,173,0.4957,6.54815,9.26048,0.88014,0,0.8536,0.79245,0.86111,26.69444,3.65339,0.19497,0.35849,0.14465,0.10692,0.25157,
113.txt,0.45977,0.06667,0.0,0.0,0.0,0.75096,0.09195,0.02299,0.1341,119,0.45594,5.20849,7.36592,0.85886,0,0.81165,0.65833,0.67857,12.89286,2.53898,0.15833,0.25,0.13333,0.125,0.25833,
114.txt,0.42152,0.05851,0.08929,0.47246,0.44643,0.76457,0.09417,0.02466,0.11659,183,0.41031,6.12729,8.6653,0.85397,0,0.83184,0.69149,0.73214,30.01786,3.87414,0.21809,0.25532,0.12766,0.11702,0.24468,
115.txt,0.42722,0.13333,0.23333,0.9037,1.63333,0.71203,0.08228,0.02848,0.17722,148,0.46835,5.88712,8.32565,0.86821,0,0.81933,0.76296,0.86667,22.53333,3.35659,0.19259,0.32593,0.12593,0.14074,0.26667,
116.txt,0.42466,0.09677,0.14286,0.37796,0.28571,0.65753,0.11644,0.00685,0.21918,88,0.60274,5.14981,7.28293,0.89841,0,0.83535,0.8871,0.92857,12.07143,2.45677,0.20968,0.37097,0.19355,0.12903,0.32258,
117.txt,0.46154,0.08333,0.08571,0.35857,0.25714,0.66568,0.08876,0.01479,0.23077,165,0.48817,6.34615,8.97482,0.87685,0,0.8309,0.77564,0.85714,25.71429,3.58569,0.19231,0.33333,0.17308,0.08974,0.26282,
118.txt,0.46891,0.09945,0.08163,0.40406,0.32653,0.73316,0.09845,0.02073,0.14767,168,0.43523,6.04645,8.55097,0.86033,0,0.83282,0.66298,0.71429,25.0,3.53553,0.19337,0.27624,0.12155,0.11602,0.23757,
119.txt,0.46703,0.32941,0.28571,0.75593,1.14286,0.58242,0.11538,0.02747,0.27473,97,0.53297,5.08418,7.19012,0.87907,0,0.80655,0.82353,0.92857,12.07143,2.45677,0.15294,0.38824,0.2,0.09412,0.29412,
120.txt,0.45652,0.20238,0.13043,0.44233,0.3913,0.66304,0.08696,0.05435,0.19565,96,0.52174,5.00435,7.07721,0.87525,0,0.78149,0.79762,0.78261,14.08696,2.65396,0.21429,0.38095,0.15476,0.04762,0.20238,
121.txt,0.39,0.11538,0.05,0.15811,0.05,0.645,0.135,0.065,0.155,92,0.46,4.6,6.50538,0.85344,0,0.70876,0.75641,0.85,14.45,2.68794,0.21795,0.42308,0.07692,0.0641,0.14103,
122.txt,0.44667,0.22388,0.21429,0.56695,0.64286,0.63333,0.10667,0.06,0.2,81,0.54,4.67654,6.61362,0.87702,0,0.79282,0.80597,1.0,14.0,2.64575,0.20896,0.47761,0.0597,0.08955,0.14925,
123.txt,0.48344,0.32877,0.21053,0.64889,0.84211,0.59603,0.08609,0.0596,0.25828,75,0.49669,4.31577,6.10341,0.86052,0,0.72344,0.76712,0.89474,15.21053,2.75776,0.23288,0.32877,0.09589,0.12329,0.21918,
124.txt,0.44186,0.31579,0.21053,0.64889,0.84211,0.60465,0.11047,0.04651,0.23837,91,0.52907,4.90639,6.93868,0.87632,0,0.81234,0.78947,0.78947,11.84211,2.43332,0.19737,0.34211,0.14474,0.11842,0.26316,
125.txt,0.43939,0.25,0.08696,0.29488,0.17391,0.68182,0.08712,0.03788,0.19318,119,0.45076,5.17881,7.32394,0.8571,0,0.78219,0.68103,0.91304,19.17391,3.09628,0.18103,0.35345,0.12931,0.0431,0.17241,
126.txt,0.34595,0.125,0.0,0.0,0.0,0.61622,0.11892,0.03784,0.22703,80,0.43243,4.159,5.88172,0.83941,0,0.75225,0.65625,0.88889,7.11111,1.88562,0.125,0.32812,0.09375,0.125,0.21875,
127.txt,0.48045,0.30233,0.08,0.28284,0.16,0.63128,0.12291,0.04469,0.20112,96,0.53631,5.07376,7.17538,0.87989,0,0.77901,0.76744,0.88,19.36,3.11127,0.25581,0.2907,0.12791,0.12791,0.25581,
128.txt,0.47967,0.28814,0.1,0.22361,0.1,0.68293,0.0813,0.04878,0.18699,68,0.55285,4.33552,6.13135,0.87684,0,0.73889,0.77966,0.9,8.1,2.01246,0.15254,0.38983,0.20339,0.0339,0.23729,
129.txt,0.51902,0.20419,0.02632,0.11471,0.02632,0.6087,0.1413,0.02717,0.22283,192,0.52174,7.07721,10.00869,0.88988,0,0.83694,0.7644,0.81579,25.28947,3.55594,0.1623,0.32984,0.18325,0.11518,0.29843,
130.txt,0.45026,0.09302,0.09524,0.30861,0.19048,0.73822,0.07853,0.08901,0.09424,81,0.42408,4.14432,5.86095,0.83668,0,0.73944,0.59302,0.71429,10.71429,2.31455,0.17442,0.27907,0.11628,0.06977,0.18605,
131.txt,0.44595,0.07071,0.05769,0.29417,0.17308,0.74775,0.11937,0.02027,0.11261,188,0.42342,6.30887,8.92209,0.85902,0,0.82751,0.67172,0.69231,24.92308,3.53009,0.18182,0.24747,0.14141,0.11111,0.25253,
132.txt,0.48864,0.10465,0.0,0.0,0.0,0.71591,0.14773,0.08523,0.05114,84,0.47727,4.47722,6.33174,0.85694,0,0.76601,0.60465,0.89474,15.21053,2.75776,0.19767,0.24419,0.16279,0.02326,0.18605,
133.txt,0.48223,0.04211,0.0,0.0,0.0,0.71066,0.09137,0.07614,0.12183,77,0.39086,3.8792,5.48602,0.82219,0,0.72274,0.57895,0.7,9.8,2.21359,0.14737,0.26316,0.10526,0.08421,0.18947,
134.txt,0.46594,0.16374,0.04082,0.20203,0.08163,0.69755,0.08992,0.02997,0.18256,162,0.44142,5.97953,8.45633,0.86152,0,0.82927,0.68421,0.79592,31.04082,3.93959,0.22807,0.25731,0.11111,0.09942,0.21053,
135.txt,0.47778,0.09302,0.025,0.1118,0.025,0.7,0.11667,0.04722,0.13611,146,0.40556,5.4411,7.69488,0.84667,0,0.80296,0.61628,0.775,24.025,3.46591,0.18023,0.25581,0.08721,0.10465,0.19186,
136.txt,0.4554,0.10309,0.03704,0.13608,0.03704,0.69953,0.11268,0.10798,0.07981,83,0.38967,4.02136,5.68707,0.82421,0,0.73416,0.5567,0.74074,14.81481,2.72166,0.20619,0.20619,0.08247,0.06186,0.14433,
137.txt,0.49751,0.23,0.13636,0.45227,0.40909,0.53234,0.0796,0.0398,0.34826,96,0.47761,4.78804,6.77132,0.86066,0,0.80485,0.63,0.68182,10.22727,2.26134,0.15,0.28,0.15,0.08,0.23,
138.txt,0.44444,0.09524,0.0,0.0,0.0,0.71958,0.12169,0.0582,0.10053,85,0.44974,4.37193,6.18284,0.84755,0,0.7573,0.65476,0.89474,15.21053,2.75776,0.20238,0.2381,0.14286,0.09524,0.2381,
139.txt,0.36576,0.24468,0.0,0.0,0.0,0.61089,0.11673,0.06615,0.20623,102,0.39689,4.49903,6.36259,0.83347,0,0.71135,0.68085,0.78947,11.84211,2.43332,0.15957,0.31915,0.11702,0.11702,0.23404,
140.txt,0.4,0.11765,0.10345,0.39392,0.31034,0.72157,0.10196,0.01569,0.16078,129,0.50588,5.71222,8.07829,0.87702,0,0.84381,0.84314,0.86207,21.55172,3.28266,0.2451,0.35294,0.13725,0.11765,0.2549,
141.txt,0.37945,0.1875,0.0625,0.17678,0.0625,0.58498,0.10672,0.05138,0.25692,104,0.41107,4.62336,6.53842,0.83934,0,0.75256,0.625,0.75,9.0,2.12132,0.125,0.29167,0.09375,0.13542,0.22917,
142.txt,0.44948,0.12403,0.06061,0.24618,0.12121,0.73519,0.08014,0.03484,0.14983,119,0.41463,4.96696,7.02435,0.84445,0,0.79067,0.65116,0.75758,18.93939,3.07729,0.1938,0.28682,0.10078,0.10853,0.2093,
143.txt,0.31977,0.27273,0.0,0.0,0.0,0.65698,0.06977,0.05233,0.22093,60,0.34884,3.23498,4.57496,0.79541,0,0.66151,0.56364,0.57143,2.28571,1.06904,0.07273,0.36364,0.10909,0.07273,0.18182,
144.txt,0.47414,0.1697,0.05128,0.22646,0.10256,0.73563,0.1092,0.01437,0.1408,155,0.4454,5.87526,8.30887,0.8618,0,0.82031,0.69697,0.79487,24.64103,3.51006,0.18788,0.29091,0.10303,0.12727,0.2303,
145.txt,0.43316,0.30864,0.15385,0.39223,0.30769,0.57754,0.13904,0.07487,0.20856,84,0.4492,4.34354,6.14269,0.84701,0,0.76442,0.60494,0.84615,9.30769,2.15728,0.1358,0.2716,0.16049,0.09877,0.25926,
146.txt,0.45317,0.11333,0.04651,0.21567,0.09302,0.74622,0.12689,0.02417,0.10272,148,0.44713,5.75218,8.13482,0.86127,0,0.82372,0.68667,0.69767,20.93023,3.23498,0.2,0.25333,0.1,0.15333,0.25333,
147.txt,0.35401,0.21649,0.05263,0.16222,0.05263,0.60219,0.10219,0.04015,0.25547,97,0.35401,4.14363,5.85998,0.815,0,0.73798,0.53608,0.68421,8.89474,2.10888,0.13402,0.21649,0.1134,0.13402,0.24742,
148.txt,0.41152,0.29,0.0,0.0,0.0,0.63374,0.11523,0.06173,0.1893,82,0.33745,3.7196,5.2603,0.80223,0,0.6894,0.49,0.69231,6.23077,1.76505,0.09,0.2,0.13,0.1,0.23,
149.txt,0.40659,0.16216,0.05405,0.2325,0.10811,0.73626,0.16484,0.02198,0.07692,131,0.47985,5.60628,7.92848,0.8691,0,0.81754,0.77477,0.78378,22.72973,3.37118,0.26126,0.27027,0.10811,0.13514,0.24324,
150.txt,0.43066,0.11017,0.06452,0.254,0.12903,0.74453,0.11314,0.0146,0.12774,123,0.44891,5.2543,7.4307,0.85731,0,0.82925,0.66102,0.67742,14.22581,2.667,0.17797,0.29661,0.09322,0.11864,0.21186,
151.txt,0.45701,0.29703,0.15,0.47434,0.45,0.60181,0.15385,0.06335,0.181,104,0.47059,4.94678,6.9958,0.86037,0,0.78778,0.62376,0.65,8.45,2.05548,0.12871,0.33663,0.09901,0.10891,0.20792,
152.txt,0.43488,0.12299,0.09615,0.49029,0.48077,0.72326,0.13488,0.03023,0.11163,171,0.39767,5.83105,8.24635,0.84793,0,0.83084,0.6631,0.76923,30.76923,3.92232,0.2139,0.2246,0.1123,0.12834,0.24064,
153.txt,0.35294,0.25641,0.15,0.47434,0.45,0.53846,0.1448,0.04525,0.27149,86,0.38914,4.0906,5.78499,0.82516,0,0.72495,0.58974,0.7,9.8,2.21359,0.17949,0.24359,0.08974,0.10256,0.19231,
154.txt,0.4391,0.08759,0.06452,0.254,0.12903,0.74038,0.15705,0.03526,0.06731,143,0.45833,5.72458,8.09578,0.86415,0,0.82688,0.73723,0.87097,23.51613,3.429,0.19708,0.27737,0.16788,0.13869,0.30657,
155.txt,0.37297,0.24638,0.07143,0.18898,0.07143,0.61622,0.11892,0.07027,0.19459,81,0.43784,4.21099,5.95524,0.84179,0,0.75441,0.65217,0.71429,7.14286,1.88982,0.14493,0.37681,0.10145,0.08696,0.18841,
156.txt,0.46883,0.1383,0.09524,0.43644,0.38095,0.67581,0.1197,0.04738,0.15711,196,0.48878,6.921,9.78777,0.88057,0,0.81454,0.80319,0.90476,34.38095,4.14614,0.20213,0.34043,0.14894,0.12766,0.2766,
157.txt,0.41,0.29268,0.27778,0.83333,1.38889,0.595,0.11,0.02,0.275,81,0.405,4.05,5.72756,0.8294,0,0.74016,0.53659,0.61111,6.72222,1.83333,0.13415,0.29268,0.10976,0.07317,0.18293,
158.txt,0.43682,0.1157,0.05882,0.24254,0.11765,0.74007,0.13357,0.01083,0.11552,124,0.44765,5.26826,7.45044,0.85709,0,0.80761,0.70248,0.70588,16.94118,2.91043,0.19835,0.21488,0.12397,0.18182,0.30579,
159.txt,0.43124,0.18919,0.04545,0.2132,0.09091,0.61305,0.15385,0.03497,0.19814,157,0.36597,5.35989,7.58003,0.83416,0,0.75798,0.55676,0.79545,27.84091,3.73101,0.18919,0.24865,0.07568,0.0973,0.17297,
160.txt,0.47277,0.14136,0.16279,0.75483,1.13953,0.68317,0.10891,0.03713,0.17079,186,0.4604,6.54346,9.25385,0.87075,0,0.80083,0.75916,0.88372,33.5814,4.09765,0.19895,0.33508,0.1466,0.09424,0.24084,
161.txt,0.41414,0.26829,0.15385,0.39223,0.30769,0.60101,0.12121,0.06061,0.21717,84,0.42424,4.22116,5.96962,0.83786,0,0.74071,0.54878,0.69231,6.23077,1.76505,0.10976,0.30488,0.10976,0.08537,0.19512,
162.txt,0.46792,0.10484,0.0,0.0,0.0,0.77736,0.11698,0.01509,0.09057,124,0.46792,5.38622,7.61726,0.86389,0,0.81448,0.69355,0.91304,19.17391,3.09628,0.16935,0.28226,0.12903,0.12903,0.25806,
163.txt,0.40881,0.24615,0.3,0.67082,0.9,0.49057,0.13208,0.07547,0.30189,79,0.49686,4.4301,6.26511,0.86201,0,0.767,0.70769,0.7,4.9,1.56525,0.10769,0.29231,0.2,0.12308,0.32308,
164.txt,0.49603,0.12,0.08333,0.28868,0.16667,0.60714,0.14683,0.03175,0.21429,137,0.54365,6.10247,8.63019,0.88978,0,0.82801,0.824,0.875,18.375,3.03109,0.168,0.384,0.152,0.128,0.28,
165.txt,0.41967,0.07031,0.08696,0.29488,0.17391,0.66557,0.0918,0.03934,0.20328,156,0.51148,6.31626,8.93253,0.88279,0,0.82099,0.78125,0.91304,19.17391,3.09628,0.16406,0.32031,0.15625,0.15625,0.3125,
166.txt,0.34101,0.09459,0.0,0.0,0.0,0.6129,0.09217,0.03687,0.25806,87,0.40092,4.17613,5.90594,0.83011,0,0.76635,0.64865,0.78571,8.64286,2.0788,0.14865,0.2973,0.10811,0.12162,0.22973,
167.txt,0.35021,0.14458,0.1,0.31623,0.2,0.65401,0.08017,0.03376,0.23207,89,0.37553,4.08791,5.78117,0.82088,0,0.77072,0.59036,0.8,12.8,2.52982,0.19277,0.22892,0.09639,0.10843,0.20482,
168.txt,0.39623,0.10714,0.07143,0.18898,0.07143,0.57547,0.12736,0.02358,0.27358,89,0.41981,4.32222,6.11255,0.83797,0,0.75587,0.57143,0.85714,10.28571,2.26779,0.14286,0.21429,0.09524,0.14286,0.2381,
169.txt,0.35586,0.07595,0.09091,0.30151,0.18182,0.66667,0.13063,0.03604,0.16667,99,0.44595,4.69833,6.64444,0.85053,0,0.78496,0.70886,0.86364,16.40909,2.86436,0.24051,0.22785,0.16456,0.08861,0.25316,
170.txt,0.37745,0.12987,0.0,0.0,0.0,0.64216,0.11765,0.04902,0.19118,95,0.46569,4.7032,6.65133,0.85629,0,0.74229,0.75325,1.0,11.0,2.34521,0.14286,0.37662,0.14286,0.1039,0.24675,
171.txt,0.43043,0.0404,0.04545,0.15076,0.04545,0.67826,0.09565,0.02174,0.20435,98,0.42609,4.56927,6.46193,0.84312,0,0.78677,0.61616,0.81818,14.72727,2.7136,0.18182,0.23232,0.09091,0.16162,0.25253,
172.txt,0.49123,0.02679,0.05263,0.16222,0.05263,0.70175,0.08333,0.03947,0.17544,97,0.42544,4.54244,6.42398,0.84259,0,0.78448,0.51786,0.78947,11.84211,2.43332,0.13393,0.20536,0.13393,0.07143,0.20536,
173.txt,0.40654,0.16092,0.0,0.0,0.0,0.68224,0.07477,0.02336,0.21963,105,0.49065,5.07537,7.17765,0.86731,0,0.79115,0.71264,0.8,9.6,2.19089,0.13793,0.35632,0.12644,0.10345,0.22989,
174.txt,0.37838,0.34286,0.25,0.5,0.5,0.57297,0.05405,0.02162,0.35135,90,0.48649,4.67888,6.61693,0.86197,0,0.78338,0.68571,0.875,6.125,1.75,0.1,0.27143,0.22857,0.08571,0.31429,
175.txt,0.40394,0.17073,0.1875,0.53033,0.5625,0.58621,0.14778,0.04926,0.21675,110,0.54187,5.45921,7.72049,0.88468,0,0.79469,0.80488,0.8125,10.5625,2.2981,0.15854,0.34146,0.18293,0.14634,0.32927,
176.txt,0.44762,0.07447,0.07692,0.19612,0.07692,0.70476,0.11905,0.0381,0.1381,105,0.5,5.12348,7.24569,0.87037,0,0.80386,0.65957,0.84615,9.30769,2.15728,0.11702,0.30851,0.12766,0.14894,0.2766,
177.txt,0.47977,0.07229,0.0,0.0,0.0,0.73988,0.13584,0.04624,0.07803,148,0.42775,5.62612,7.95653,0.85474,0,0.84102,0.63253,0.6,12.6,2.50998,0.12651,0.31325,0.12651,0.11446,0.24096,
178.txt,0.43293,0.1338,0.19231,0.69338,0.96154,0.65549,0.12195,0.04573,0.17683,172,0.52439,6.71547,9.49711,0.88857,0,0.84742,0.87324,0.96154,24.03846,3.46688,0.17606,0.47183,0.16901,0.09859,0.26761,
179.txt,0.4803,0.07692,0.02632,0.11471,0.02632,0.67734,0.14778,0.02709,0.14778,161,0.39655,5.64999,7.9903,0.846,0,0.8034,0.5641,0.68421,17.78947,2.9824,0.13333,0.29231,0.09744,0.05641,0.15385,
180.txt,0.45808,0.1634,0.09677,0.381,0.29032,0.64371,0.14371,0.04491,0.16766,159,0.47605,6.15189,8.70009,0.87227,0,0.83185,0.7451,0.67742,14.22581,2.667,0.13725,0.40523,0.11765,0.0915,0.20915,
181.txt,0.44582,0.08333,0.07895,0.34412,0.23684,0.70279,0.14861,0.02477,0.12384,144,0.44582,5.6656,8.01237,0.86018,0,0.8134,0.63889,0.71053,19.18421,3.09711,0.1875,0.24306,0.15972,0.07639,0.23611,
182.txt,0.43234,0.09924,0.0303,0.12309,0.0303,0.70957,0.13531,0.0165,0.13861,148,0.48845,6.01209,8.50238,0.8746,0,0.8543,0.75573,0.75758,18.93939,3.07729,0.19084,0.38168,0.12977,0.0687,0.19847,
183.txt,0.38253,0.08661,0.075,0.33541,0.225,0.75904,0.05723,0.02711,0.15663,134,0.40361,5.20021,7.35421,0.84371,0,0.80027,0.70079,0.775,24.025,3.46591,0.24409,0.25984,0.12598,0.08661,0.2126,
184.txt,0.4172,0.0687,0.07143,0.32733,0.21429,0.73248,0.1051,0.00637,0.15605,137,0.43631,5.4669,7.73136,0.85574,0,0.8268,0.70992,0.71429,21.42857,3.27327,0.22901,0.30534,0.12214,0.0687,0.19084,
185.txt,0.4417,0.168,0.12903,0.508,0.51613,0.67845,0.08481,0.01767,0.21908,152,0.5371,6.38904,9.03546,0.8899,0,0.86056,0.8,0.80645,20.16129,3.175,0.2,0.384,0.12,0.112,0.232,
186.txt,0.47328,0.1129,0.12,0.42426,0.36,0.65649,0.15267,0.0229,0.16794,133,0.50763,5.81013,8.21677,0.87824,0,0.81964,0.73387,0.88,19.36,3.11127,0.17742,0.31452,0.17742,0.08065,0.25806,
187.txt,0.4386,0.088,0.03125,0.125,0.03125,0.74035,0.13333,0.01053,0.11579,137,0.4807,5.7383,8.11518,0.87041,0,0.81801,0.752,0.78125,19.53125,3.125,0.2,0.312,0.144,0.112,0.256,
188.txt,0.47619,0.09375,0.06061,0.24618,0.12121,0.6756,0.11607,0.03274,0.1756,137,0.40774,5.28489,7.47396,0.84578,0,0.79607,0.60625,0.63636,13.36364,2.58492,0.13125,0.28125,0.1375,0.06875,0.20625,
189.txt,0.41298,0.14286,0.15909,0.7462,1.11364,0.71091,0.10324,0.03835,0.14749,161,0.47493,6.18317,8.74432,0.87219,0,0.80511,0.83571,0.90909,36.36364,4.26401,0.28571,0.42857,0.07857,0.05714,0.13571,
190.txt,0.47632,0.10497,0.04545,0.2132,0.09091,0.8,0.06842,0.02632,0.10526,158,0.41579,5.73126,8.10523,0.85226,0,0.81996,0.67403,0.75,24.75,3.51781,0.18232,0.29282,0.1326,0.10497,0.23757,
191.txt,0.44898,0.10606,0.09677,0.381,0.29032,0.7449,0.11565,0.03741,0.10204,149,0.5068,6.14466,8.68986,0.88042,0,0.8363,0.78788,0.83871,21.80645,3.302,0.19697,0.37879,0.15152,0.06061,0.21212,
192.txt,0.52187,0.13408,0.14286,0.59761,0.71429,0.60058,0.15452,0.0379,0.207,175,0.5102,6.68153,9.44911,0.88472,0,0.81933,0.75419,0.85714,25.71429,3.58569,0.1676,0.32961,0.14525,0.13408,0.27933,
193.txt,0.50177,0.07746,0.06667,0.2582,0.13333,0.74205,0.11307,0.0212,0.12367,149,0.5265,6.26294,8.85713,0.88637,0,0.8275,0.76761,0.9,24.3,3.48569,0.19014,0.38732,0.1338,0.07042,0.20423,
194.txt,0.45,0.11111,0.1,0.44721,0.4,0.71944,0.13333,0.02778,0.11944,150,0.41667,5.59017,7.90569,0.85127,0,0.8098,0.68519,0.875,30.625,3.91312,0.21605,0.2716,0.11111,0.09259,0.2037,
195.txt,0.5092,0.10843,0.02564,0.11323,0.02564,0.77607,0.11043,0.03067,0.08282,137,0.42025,5.36533,7.58773,0.85019,0,0.82264,0.61446,0.69231,18.69231,3.05715,0.16265,0.27711,0.10843,0.07229,0.18072,
196.txt,0.45745,0.11628,0.11364,0.533,0.56818,0.69947,0.11702,0.04255,0.14096,179,0.47606,6.52746,9.23122,0.87483,0,0.83856,0.77907,0.86364,32.81818,4.05081,0.22093,0.35465,0.16279,0.05814,0.22093,
197.txt,0.49438,0.15152,0.04,0.14142,0.04,0.70787,0.10112,0.03745,0.15356,128,0.4794,5.5391,7.83347,0.86841,0,0.8093,0.68939,0.76,14.44,2.68701,0.14394,0.34091,0.16667,0.08333,0.25,
198.txt,0.39799,0.15126,0.16129,0.635,0.80645,0.7291,0.08696,0.04348,0.14047,147,0.49164,6.01128,8.50123,0.87545,0,0.84867,0.7479,0.77419,18.58065,3.048,0.20168,0.31933,0.13445,0.10924,0.2437,
199.txt,0.44051,0.08759,0.0,0.0,0.0,0.75241,0.14791,0.02572,0.07395,142,0.45659,5.69368,8.05208,0.86342,0,0.8308,0.69343,0.71429,17.85714,2.98807,0.18248,0.29927,0.13869,0.08759,0.22628,
200.txt,0.44915,0.15094,0.15556,0.73786,1.08889,0.70904,0.09605,0.0452,0.14972,164,0.46328,6.1635,8.7165,0.86891,0,0.81954,0.76101,0.8,28.8,3.79473,0.22642,0.31447,0.13836,0.10692,0.24528,
201.txt,0.43132,0.13376,0.07143,0.26726,0.14286,0.68132,0.12088,0.03297,0.16484,181,0.49725,6.70831,9.48698,0.88153,0,0.81678,0.84713,0.89286,22.32143,3.34077,0.15924,0.44586,0.15287,0.10828,0.26115,
202.txt,0.50124,0.15347,0.17143,0.71714,1.02857,0.66501,0.08685,0.06203,0.1861,188,0.4665,6.62202,9.36495,0.8729,0,0.84257,0.66337,0.8,22.4,3.34664,0.13861,0.27723,0.17327,0.10396,0.27723,
203.txt,0.30952,0.18462,0.06667,0.18257,0.06667,0.54286,0.10952,0.02857,0.31905,81,0.38571,3.9524,5.58953,0.82184,0,0.7458,0.61538,0.66667,6.66667,1.82574,0.15385,0.26154,0.13846,0.09231,0.23077,
204.txt,0.34112,0.13699,0.07692,0.19612,0.07692,0.48131,0.15888,0.04206,0.31776,92,0.42991,4.44699,6.28899,0.84268,0,0.78148,0.63014,0.61538,4.92308,1.56893,0.10959,0.28767,0.13699,0.12329,0.26027,
205.txt,0.38071,0.17333,0.0,0.0,0.0,0.62437,0.09137,0.0203,0.26396,83,0.42132,4.18148,5.91351,0.83639,0,0.76357,0.6,0.84615,9.30769,2.15728,0.14667,0.22667,0.14667,0.09333,0.24,
206.txt,0.40476,0.08824,0.125,0.25,0.125,0.69048,0.08929,0.05952,0.16071,78,0.46429,4.25525,6.01783,0.85026,0,0.76018,0.63235,1.0,8.0,2.0,0.11765,0.33824,0.16176,0.05882,0.22059,
207.txt,0.37158,0.13235,0.14286,0.26726,0.14286,0.69399,0.06557,0.04372,0.19672,87,0.47541,4.54756,6.43123,0.85726,0,0.76555,0.67647,1.0,7.0,1.87083,0.10294,0.39706,0.14706,0.05882,0.20588,
208.txt,0.44845,0.13793,0.0625,0.17678,0.0625,0.60309,0.15464,0.05155,0.19072,92,0.47423,4.67059,6.60522,0.85837,0,0.7978,0.62069,0.8125,10.5625,2.2981,0.14943,0.27586,0.13793,0.09195,0.22989,
209.txt,0.42623,0.0641,0.0,0.0,0.0,0.6612,0.10383,0.05464,0.18033,88,0.48087,4.59983,6.50515,0.85946,0,0.77769,0.70513,0.77778,5.44444,1.64992,0.08974,0.34615,0.15385,0.12821,0.28205,
210.txt,0.45226,0.15556,0.06667,0.18257,0.06667,0.64824,0.1206,0.01508,0.21608,87,0.43719,4.36092,6.16727,0.84369,0,0.75588,0.58889,0.73333,8.06667,2.00832,0.12222,0.26667,0.16667,0.07778,0.24444,
211.txt,0.44361,0.12712,0.04545,0.15076,0.04545,0.70677,0.04887,0.06015,0.18421,115,0.43233,4.98588,7.0511,0.84981,0,0.80686,0.60169,0.72727,11.63636,2.41209,0.13559,0.25424,0.11864,0.12712,0.24576,
212.txt,0.4375,0.08163,0.15789,0.48666,0.47368,0.71429,0.09375,0.03571,0.15625,106,0.47321,5.00803,7.08242,0.86174,0,0.78685,0.61224,0.73684,10.31579,2.2711,0.14286,0.27551,0.13265,0.09184,0.22449,
213.txt,0.49388,0.08264,0.08,0.28284,0.16,0.70612,0.0898,0.03673,0.16735,112,0.45714,5.05964,7.15542,0.85771,0,0.81485,0.59504,0.76,14.44,2.68701,0.15702,0.22314,0.10744,0.12397,0.2314,
214.txt,0.39785,0.10811,0.14286,0.26726,0.14286,0.65054,0.08065,0.05914,0.20968,92,0.49462,4.76998,6.74577,0.86529,0,0.77793,0.68919,0.85714,5.14286,1.60357,0.08108,0.41892,0.14865,0.05405,0.2027,
215.txt,0.38057,0.10638,0.11765,0.343,0.23529,0.7004,0.09312,0.02024,0.18623,101,0.40891,4.5442,6.42648,0.83768,0,0.7563,0.64894,0.82353,11.52941,2.40098,0.14894,0.32979,0.1383,0.05319,0.19149,
216.txt,0.43017,0.05195,0.07143,0.18898,0.07143,0.71508,0.10056,0.06145,0.12291,81,0.45251,4.28098,6.05422,0.84714,0,0.7615,0.62338,0.78571,8.64286,2.0788,0.14286,0.35065,0.07792,0.07792,0.15584,
217.txt,0.38012,0.10769,0.0,0.0,0.0,0.60234,0.09357,0.03509,0.26901,80,0.46784,4.3259,6.11775,0.85226,0,0.76076,0.70769,0.77778,5.44444,1.64992,0.10769,0.30769,0.18462,0.12308,0.30769,
218.txt,0.33891,0.04938,0.0,0.0,0.0,0.60669,0.0795,0.05021,0.2636,88,0.3682,4.02503,5.69225,0.81756,0,0.71832,0.55556,0.66667,5.33333,1.63299,0.09877,0.2716,0.09877,0.09877,0.19753,
219.txt,0.40873,0.14563,0.0,0.0,0.0,0.59921,0.09921,0.07143,0.23016,116,0.46032,5.16705,7.30731,0.85969,0,0.78711,0.69903,0.86667,11.26667,2.37346,0.12621,0.3301,0.1165,0.12621,0.24272,
220.txt,0.45673,0.12632,0.16667,0.40825,0.33333,0.71154,0.08173,0.02885,0.17788,94,0.45192,4.60873,6.51773,0.8512,0,0.76571,0.67368,0.91667,10.08333,2.24537,0.11579,0.35789,0.11579,0.10526,0.22105,
221.txt,0.50575,0.125,0.05263,0.16222,0.05263,0.67241,0.1092,0.02299,0.1954,89,0.51149,4.7709,6.74707,0.87005,0,0.81896,0.57955,0.73684,10.31579,2.2711,0.15909,0.25,0.13636,0.10227,0.23864,
222.txt,0.44565,0.13008,0.03846,0.13868,0.03846,0.72101,0.07609,0.0471,0.1558,118,0.42754,5.02241,7.10277,0.84882,0,0.7671,0.56911,0.80769,16.96154,2.91218,0.17073,0.27642,0.0813,0.0813,0.1626,
223.txt,0.50177,0.07042,0.02778,0.11785,0.02778,0.82332,0.05654,0.01413,0.10601,131,0.4629,5.50634,7.78714,0.86356,0,0.82238,0.69718,0.80556,23.36111,3.41768,0.20423,0.23239,0.14789,0.14789,0.29577,
224.txt,0.49693,0.08642,0.11111,0.52705,0.55556,0.79141,0.06748,0.02761,0.1135,134,0.41104,5.24785,7.42157,0.84637,0,0.78328,0.57407,0.68889,21.35556,3.26769,0.19136,0.19753,0.10494,0.10494,0.20988,
225.txt,0.46322,0.13529,0.07843,0.39606,0.31373,0.72207,0.11444,0.0436,0.11989,181,0.49319,6.68083,9.44812,0.8803,0,0.83378,0.81765,0.86275,37.96078,4.35665,0.25882,0.35882,0.12941,0.07647,0.20588,
226.txt,0.49351,0.17544,0.18182,0.60302,0.72727,0.7316,0.09524,0.02165,0.15152,105,0.45455,4.88504,6.90849,0.85513,0,0.81314,0.63158,0.77273,13.13636,2.56285,0.14912,0.24561,0.14912,0.10526,0.25439,
227.txt,0.49477,0.11268,0.06667,0.2582,0.13333,0.69686,0.18118,0.0453,0.07666,125,0.43554,5.2174,7.37852,0.85314,0,0.80508,0.62676,0.66667,13.33333,2.58199,0.14085,0.28169,0.1338,0.08451,0.21831,
228.txt,0.44984,0.07194,0.06452,0.254,0.12903,0.75405,0.14887,0.03883,0.05825,147,0.47573,5.91321,8.36254,0.87042,0,0.83148,0.72662,0.70968,15.6129,2.794,0.15827,0.33094,0.14388,0.10072,0.2446,
229.txt,0.44178,0.12403,0.07407,0.27217,0.14815,0.66781,0.13014,0.04452,0.15753,138,0.4726,5.71048,8.07584,0.86797,0,0.81142,0.76744,0.88889,21.33333,3.26599,0.18605,0.34884,0.13178,0.13953,0.27132,
230.txt,0.49552,0.07831,0.05128,0.22646,0.10256,0.78806,0.09254,0.02388,0.09552,154,0.4597,5.94954,8.41392,0.86633,0,0.82745,0.68072,0.74359,21.5641,3.2836,0.1747,0.28916,0.10843,0.13855,0.24699,
231.txt,0.51841,0.0765,0.11364,0.533,0.56818,0.66572,0.13881,0.06799,0.12748,167,0.47309,6.28513,8.88851,0.87241,0,0.80783,0.69399,0.70455,21.84091,3.30461,0.1694,0.27869,0.14754,0.09836,0.2459,
232.txt,0.5,0.07345,0.15789,0.68825,0.94737,0.78249,0.11299,0.05367,0.05085,163,0.46045,6.12592,8.66335,0.86786,0,0.83606,0.68362,0.84211,26.94737,3.67065,0.18079,0.28249,0.16384,0.0904,0.25424,
233.txt,0.46797,0.1369,0.02941,0.12127,0.02941,0.71866,0.11142,0.03064,0.13928,167,0.46518,6.23238,8.81392,0.86992,0,0.81422,0.7381,0.82353,23.05882,3.3955,0.16667,0.33333,0.10714,0.14881,0.25595,
234.txt,0.53543,0.08088,0.03333,0.1291,0.03333,0.73228,0.11417,0.05512,0.09843,128,0.50394,5.67908,8.03143,0.87624,0,0.83629,0.69853,0.8,19.2,3.09839,0.17647,0.31618,0.13971,0.09559,0.23529,
235.txt,0.55985,0.12414,0.05263,0.22942,0.10526,0.67954,0.13514,0.08108,0.10425,138,0.53282,6.06337,8.5749,0.8867,0,0.85323,0.74483,0.84211,26.94737,3.67065,0.22069,0.31724,0.12414,0.10345,0.22759,
236.txt,0.46127,0.06107,0.04,0.14142,0.04,0.70775,0.1162,0.02817,0.14789,141,0.49648,5.91623,8.36681,0.87605,0,0.81339,0.74809,0.8,16.0,2.82843,0.15267,0.35878,0.16794,0.0687,0.23664,
237.txt,0.49239,0.08247,0.0,0.0,0.0,0.7335,0.12183,0.05076,0.09391,174,0.44162,6.19849,8.76599,0.86325,0,0.82916,0.68041,0.83721,30.13953,3.88198,0.18557,0.32474,0.13402,0.06186,0.19588,
238.txt,0.48571,0.07353,0.08333,0.28868,0.16667,0.76786,0.15714,0.05,0.025,127,0.45357,5.36673,7.5897,0.85969,0,0.81871,0.66912,0.79167,15.04167,2.74241,0.13971,0.27941,0.17647,0.08824,0.26471,
239.txt,0.46154,0.09167,0.04167,0.14434,0.04167,0.67308,0.14231,0.03846,0.14615,113,0.43462,4.95538,7.00796,0.85015,0,0.76334,0.64167,0.79167,15.04167,2.74241,0.15833,0.275,0.15,0.05833,0.20833,
240.txt,0.44868,0.09804,0.04167,0.14434,0.04167,0.70968,0.13196,0.02933,0.12903,129,0.3783,4.93967,6.98574,0.83332,0,0.79215,0.58824,0.83333,16.66667,2.88675,0.13072,0.22876,0.13072,0.10458,0.23529,
241.txt,0.47959,0.06383,0.0303,0.12309,0.0303,0.70408,0.14286,0.06803,0.08503,147,0.5,6.06218,8.57321,0.87804,0,0.8123,0.75887,0.90909,27.27273,3.69274,0.21277,0.38298,0.10638,0.07801,0.1844,
242.txt,0.47059,0.15132,0.11111,0.4714,0.44444,0.6904,0.13622,0.04954,0.12384,157,0.48607,6.17708,8.73571,0.87514,0,0.82402,0.76974,0.88889,28.44444,3.77124,0.21053,0.38816,0.11842,0.06579,0.18421,
243.txt,0.43421,0.33333,0.09091,0.2132,0.09091,0.58553,0.04605,0.02632,0.34211,68,0.44737,3.90007,5.51553,0.83989,0,0.73023,0.54545,0.90909,9.09091,2.13201,0.15152,0.22727,0.12121,0.06061,0.18182,
244.txt,0.43609,0.22414,0.0,0.0,0.0,0.62406,0.07519,0.03759,0.26316,76,0.57143,4.65986,6.59004,0.88557,0,0.80524,0.77586,0.75,2.25,1.06066,0.05172,0.43103,0.2069,0.08621,0.2931,
245.txt,0.41558,0.26562,0.0,0.0,0.0,0.57143,0.08442,0.01299,0.33117,89,0.57792,5.07125,7.17182,0.89114,0,0.81176,0.8125,1.0,9.0,2.12132,0.14062,0.42188,0.20312,0.0625,0.26562,
246.txt,0.38393,0.23256,0.05882,0.1715,0.05882,0.58482,0.08929,0.05357,0.27232,103,0.45982,4.86629,6.88198,0.85644,0,0.78334,0.63953,0.82353,11.52941,2.40098,0.16279,0.2907,0.13953,0.0814,0.22093,
247.txt,0.31746,0.16667,0.0,0.0,0.0,0.62963,0.01587,0.04233,0.31217,65,0.34392,3.34324,4.72805,0.79637,0,0.72984,0.5,0.46667,3.26667,1.27802,0.11667,0.21667,0.08333,0.1,0.18333,
248.txt,0.31797,0.08696,0.0,0.0,0.0,0.64516,0.07834,0.04147,0.23502,71,0.32719,3.40811,4.81979,0.79233,0,0.69086,0.47826,0.5,4.0,1.41421,0.11594,0.23188,0.07246,0.08696,0.15942,
249.txt,0.39394,0.35385,0.22222,0.4714,0.44444,0.58788,0.04848,0.0303,0.33333,77,0.46667,4.23871,5.99444,0.85073,0,0.7375,0.67692,0.66667,4.0,1.41421,0.09231,0.30769,0.21538,0.06154,0.27692,
250.txt,0.40816,0.01667,0.11111,0.2357,0.11111,0.73469,0.04762,0.03401,0.18367,62,0.42177,3.61591,5.11367,0.82701,0,0.71553,0.56667,0.88889,7.11111,1.88562,0.13333,0.2,0.16667,0.1,0.26667,
251.txt,0.33645,0.15278,0.11111,0.33333,0.22222,0.58879,0.07009,0.05607,0.28505,97,0.45327,4.68867,6.63078,0.85254,0,0.78745,0.63889,0.66667,8.0,2.0,0.16667,0.31944,0.125,0.06944,0.19444,
252.txt,0.41176,0.11429,0.0,0.0,0.0,0.62353,0.10588,0.05294,0.21765,84,0.49412,4.55554,6.44251,0.86273,0,0.77855,0.7,0.90909,9.09091,2.13201,0.14286,0.31429,0.05714,0.18571,0.24286,
253.txt,0.42233,0.02299,0.0,0.0,0.0,0.70874,0.16505,0.03883,0.08738,92,0.4466,4.53251,6.40994,0.8487,0,0.77891,0.67816,0.65217,9.78261,2.21163,0.17241,0.29885,0.13793,0.10345,0.24138,
254.txt,0.49751,0.13,0.05882,0.1715,0.05882,0.66169,0.11443,0.0199,0.20398,111,0.55224,5.53618,7.82934,0.88804,0,0.82135,0.78,0.94118,15.05882,2.74398,0.16,0.38,0.19,0.08,0.27,
255.txt,0.52,0.12308,0.09091,0.2132,0.09091,0.72,0.048,0.032,0.2,74,0.592,4.68017,6.61876,0.89142,0,0.80684,0.76923,0.81818,7.36364,1.91881,0.13846,0.33846,0.15385,0.15385,0.30769,
256.txt,0.54335,0.10638,0.1,0.22361,0.1,0.68208,0.15607,0.01156,0.15029,77,0.44509,4.13955,5.8542,0.84292,0,0.75192,0.55319,0.7,4.9,1.56525,0.07447,0.20213,0.20213,0.09574,0.29787,
257.txt,0.46847,0.11538,0.18182,0.4264,0.36364,0.73874,0.11712,0.04505,0.0991,70,0.63063,4.69809,6.64411,0.90211,0,0.82971,0.84615,1.0,11.0,2.34521,0.21154,0.36538,0.25,0.07692,0.32692,
258.txt,0.42,0.04762,0.0,0.0,0.0,0.82,0.2,0.02,-0.04,37,0.74,3.7,5.23259,0.92303,0,0.87686,0.90476,0.8,3.2,1.26491,0.19048,0.38095,0.14286,0.19048,0.33333,
259.txt,0.46939,0.04348,0.0,0.0,0.0,0.81633,0.09184,0.05102,0.04082,64,0.65306,4.57143,6.46498,0.90707,0,0.8417,0.86957,0.92857,12.07143,2.45677,0.28261,0.34783,0.21739,0.04348,0.26087,
